latency_mean,latency_p95,error_rate,request_rate,cpu_usage,memory_usage,pod_restarts
0.042985368877941785,0.1312728808768445,0.008644029871943976,22.581706812812158,0.18691910260561723,70276022.65232196,0.0
0.04260092205054859,0.11957688682538808,0.008166552432016236,17.607265315006003,0.1849114965787844,69280929.86165744,0.0
0.06736089205274928,0.18689966804989033,0.0003247077169174828,21.652815431832547,0.14963363845861377,62217275.152170345,0.0
0.04569654822234223,0.05783137832867418,0.0009761003810899161,16.793099421989517,0.14361006008033653,67457342.21608901,0.0
0.012706641105712756,0.18403670706006306,0.0037625932933042197,33.704707432984954,0.19256682809364176,51424418.022671066,0.0
0.04025387325457797,0.14716097698452163,0.007419953911261723,17.282745284071265,0.09700616876269039,67947625.51046902,0.0
0.04865701070656798,0.1976573081706847,0.007621296204503246,16.528720520024613,0.16055022339290304,70947003.92792799,0.0
0.03976024805822703,0.09779999533087089,8.495578607209509e-05,22.930525288625716,0.22367262437546429,57678390.0731498,0.0
0.06534360042856234,0.1231353238439337,0.00683870124909032,28.69837734058917,0.12184334698337822,63941903.18694186,0.0
0.05229752465739303,0.14433210150293999,0.0016811809759772513,21.187910246985428,0.20532778061317372,66707394.21662066,0.0
0.03241173715166042,0.04525140251074565,0.003625019845315132,31.81614487566125,0.1849595900402753,56589359.54565693,0.0
0.0449089363269016,0.1998578142788595,0.0026974246587376707,29.5631016127022,0.22580594448435878,77161508.16799475,0.0
0.04801648570072451,0.10420943995568503,0.004111272782593793,31.764002674483628,0.15226042593862224,62639109.41302258,0.0
0.047727993825877425,0.10076550024319969,0.009666222208961074,27.254813173882383,0.15295453737643522,65172889.43818189,0.0
0.07729773686267334,0.0819463921398019,0.007385460533969635,22.179019100697566,0.1765014413359445,54592205.08215827,0.0
0.05193155211394906,0.1931338552593171,0.0026240837648930193,21.380176347661063,0.12490317062294506,70184180.09654999,0.0
0.04780150146715617,0.10703221654934898,0.008363785774103993,25.372547969133862,0.14835007484083187,59913676.61286572,0.0
0.04649477047631462,0.1273380795346119,0.00395053337856796,26.709126069774833,0.15072189009872897,60076174.82653019,0.0
0.04219283602493177,0.14404730285506206,0.009340329911306393,25.47263783794234,0.15831442004268323,65892233.21497514,0.0
0.0270954475236528,0.16384949220496192,0.001317095352063551,27.74033462353585,0.16602566553359346,60833421.99654785,0.0
0.02388732457923268,0.21172775818604914,0.005793134027884609,32.952017842868194,0.1556638314695953,54126907.64434978,0.0
0.06445491819841664,0.15354350369447148,0.009505035615891349,31.745895244443524,0.16853206040936922,83836786.36451484,0.0
3.066429963785433,8.104648566278525,0.47366061329276166,133.09639324941722,2.119475591664235,323480256.06774855,5.0
0.0761512197534126,0.13010532819887582,0.006229540441833817,21.676744512489687,0.23761668004753694,66959025.38461152,0.0
5.837790414247292,9.749020571058907,0.33642211413494455,142.35780292246983,2.4822727937148468,311778472.08821684,2.0
0.04148119299937279,0.09392840743177427,0.007379277689988003,30.59274972127663,0.1111080702106066,74546031.82558276,0.0
0.028446160241763434,0.11130149836739427,0.0017238636210516623,31.60497894770355,0.09986393126819926,60807616.65212537,0.0
0.043653964585691596,0.13430125576956187,0.002696300087671828,22.983561040445306,0.13116979603500872,74807661.64616987,0.0
0.0490736825579306,0.1186242449330329,0.004213008816333646,19.332894908536886,0.14310500170185353,57736045.71426337,0.0
0.040624593753100846,0.1885421608977208,0.00381616499109135,28.854011099939857,0.11012273494391492,73789048.26038522,0.0
0.04583587368433042,0.19197902476903395,0.0028972798373821463,31.222825801776278,0.13896194193215447,74851925.22203304,0.0
0.07269955494071498,0.12758714473169203,0.0025283740069028927,23.06838762276412,0.1870502996433757,57844050.561240956,0.0
0.04990391060646244,0.09249048885777561,0.007180141781270015,28.36146704020201,0.15431935682900916,75394531.33051322,0.0
0.05619380349040831,0.09084303800497344,0.009237313958767762,19.016672038578022,0.16355903574673045,70953513.53069119,0.0
0.03977021798388211,0.12924070284667843,0.001293806169667009,15.29070670310297,0.14646506849894414,60094353.185824186,0.0
0.04405981354090242,0.15709777344163176,0.0029785939839021124,25.14715295838776,0.20489085266431967,64448812.64184737,0.0
0.04121469746810569,0.10132398927462916,0.009412789289067981,24.84240743335948,0.16069901555592245,68798284.00639547,0.0
0.05082867906796446,0.10566096925796759,0.009232860210139356,18.552597063951563,0.2502179562142758,66577838.078950696,0.0
0.06751139685951466,0.13902177825345324,0.006315443786761603,29.212569482275022,0.12465641938024749,69068401.56743151,0.0
0.022209450510689798,0.07589423321895969,0.006141862443190114,25.15745781130998,0.2344518533639834,76427862.11600843,0.0
0.05380285640700405,0.02,0.0062321037306800695,28.43966486025714,0.15967208286222995,76982260.95778452,0.0
3.9535607324650845,4.258937038864394,0.16825338863597053,63.64160496875981,2.015773893300265,534698877.8083634,3.0
0.05876792920582164,0.17815145580048064,0.0008540303016272167,24.86869603365074,0.1487183051727805,78968423.38181324,0.0
0.04872330879450504,0.15008557604429307,0.004434391028360441,30.033650356135325,0.19774346141905047,60423255.254094556,0.0
0.02156181214670186,0.10409082984397945,0.0008814224339079213,23.49587021983851,0.196289781909241,62664850.383952335,0.0
0.03831746217898842,0.18869055166857782,0.0002660836607768413,20.989002959824106,0.1369354487735515,67611423.61012152,0.0
0.03204013845480276,0.1490406346257711,0.0051046013134644136,25.88075225943846,0.1971367727025488,57278830.57820577,0.0
0.06163055370874361,0.126349931703989,0.00968326960099255,23.20877811046246,0.15665941090308588,72514386.13645802,0.0
0.050420934082626205,0.14077448527983016,0.00609812761548117,22.067924255556132,0.1190014870374406,66310703.69356861,0.0
0.049846189096740434,0.13750841643027994,0.00721449157109572,33.754629709635715,0.16938365515357098,79642634.67254767,0.0
0.04984751571277172,0.13827877226062224,0.009207708496360753,34.35537241154057,0.15524477298700587,76078665.85373628,0.0
0.03520006151139432,0.09100260413269139,0.00012003027272682543,30.24432070937681,0.18038000150064487,73379735.4111413,0.0
0.04963249518898445,0.10182112698608556,0.0006562608817781756,29.098698586290475,0.24223786343870957,63431068.67995902,0.0
0.05931002645239803,0.12143217113885024,0.0016625533034970064,28.767097317512153,0.10463315418888838,67920503.08285506,0.0
0.0774488208495819,0.10076609038915627,0.003540645623550941,31.850509268051855,0.15042182846964103,82162429.4994217,0.0
0.04246767415214984,0.11361008589671606,0.005769361233448397,26.99496078750848,0.10157029493483341,72920288.36398068,0.0
0.03526083682400989,0.13512920327219544,0.004864827657324229,23.597489732941913,0.10594854040640687,72933295.83552006,0.0
0.029995030130916377,0.08593174066905378,0.009807611743888516,33.03957530559579,0.17936425343228996,62283850.3470288,0.0
0.05877474909003469,0.051152560374449665,0.0015720388355695426,29.789969707400097,0.21296587144129636,59729259.90455062,0.0
0.06799108369503866,0.1341503164236594,0.009353944896677987,25.230031933681705,0.15119184660485696,80330757.47559156,0.0
0.04522032292093796,0.183251882527326,0.008812506816818898,23.672036833687944,0.18324844412799024,48506210.72936417,0.0
0.05903517589721191,0.12982227415715478,0.005187478471147095,27.174705191839493,0.17338096207349737,53980911.47768314,0.0
0.0234258303252395,0.03273552128844727,0.0003248659669016496,29.265826532065958,0.12575664671121364,69933411.4550637,0.0
0.04205475226372533,0.20440868364524473,0.00926585383218381,17.830970880357928,0.19130630066488047,69684192.32518546,0.0
5.166582776969893,5.903814703222677,0.5729381453728776,20.27641434743601,2.330539371079936,531128464.5972539,1.0
0.03200737727678249,0.12624668323598864,0.0013031798809129093,21.1247751849188,0.1454019627403263,68991435.72933365,0.0
0.05816043435863507,0.16859182223729569,0.0041616094640615775,19.32989907032521,0.2330937375827981,69668105.86660631,0.0
0.03424766519095793,0.1897043655771657,0.002431245304226687,20.66038768624423,0.1611006343552756,70944343.71531676,0.0
0.04460229186826174,0.0933046327501825,0.004448524328275408,19.047961321627547,0.14529330791228587,65526815.907454744,0.0
0.018587867820288363,0.12273500720393765,0.008087994445011508,32.86199105135164,0.09399715062393044,74528104.90575995,0.0
0.08402524671270592,0.12270047736762008,0.006527281237772241,33.33628420874767,0.21655945119232398,65833636.99205831,0.0
0.037113674674788585,0.08565920641011113,0.003772017824576387,19.764212156548677,0.14592053381625286,70401023.69618995,0.0
0.047770204587973625,0.08236406624327666,0.0036655118737922623,19.18478674857699,0.1955110712267465,73516080.88084462,0.0
0.036745422692318695,0.08678792177113069,0.008670116069106004,31.95127663755995,0.061367102999173265,46332026.253458336,0.0
0.08448573097256086,0.14990838294733155,0.009824825806012478,23.635333398872437,0.13158772949702546,66859164.59780935,0.0
0.02990973927750447,0.09727194365875008,0.006486829533573645,21.087007012907055,0.12884006343187493,80048687.87771061,0.0
0.03497783871691509,0.17702082277153308,0.005391937941273144,24.951677893433263,0.18774391105091784,62593803.704757586,0.0
0.05188770118842655,0.0662549756877513,0.004593036882130737,25.437368768403697,0.11659501984111059,64841671.83156183,0.0
0.046465141478232476,0.10235370591473149,0.0033217252206173254,26.79869487563394,0.12752279544568293,68120821.72030891,0.0
0.03019230709273224,0.11627820491140398,0.007941345617322723,31.549325847167673,0.12282220060329002,65356333.151455045,0.0
0.035323203680923135,0.15968195339034724,0.0005574085358744174,22.214347137138844,0.18079874925340889,63265732.381917834,0.0
0.05207123334579606,0.09346012758893434,0.001758902834186621,24.230011674010843,0.18702707030855475,67023253.21891582,0.0
0.03900545721578096,0.15594451921619062,0.0044312734532291455,21.96369292956958,0.14521764973494417,74116148.73856895,0.0
0.05051048260224267,0.1918540208575582,0.008276102613491532,30.153299041207795,0.13179312864184944,67044489.28798366,0.0
0.03787644515066213,0.14114423113559812,0.007990821457719545,16.111595188148996,0.15856675764526998,71408391.58154026,0.0
0.0332265253037664,0.06110694570570599,0.003501865243319611,28.422252388182137,0.18486223865152568,60044828.19461364,0.0
0.061140107078978975,0.15265948253193742,0.0011323122325912539,13.162611733133609,0.1622060334349989,62553665.75637259,0.0
0.09118321212682856,0.10552871936068534,0.007835015025879088,16.263891665173723,0.14064408798185624,49835373.89321473,0.0
0.0549319601178157,0.10748941020163505,0.0033242669217436517,23.730241468013823,0.11903184726588398,79811571.49391073,0.0
0.059785949935197945,0.17132893007475108,0.007663512805573903,34.03044558918481,0.15530390688104403,66088065.317734286,0.0
0.058703769393498736,0.1581069378975835,0.009678645659513553,30.473992511136625,0.19062511535977883,74255363.01866862,0.0
0.07257275515192683,0.09785357395402362,0.005218308753051894,21.087043187259333,0.14386957786402776,62121855.649669416,0.0
0.053563357660397506,0.10095600992600326,0.005644165877797477,21.27028936762199,0.13286726968808976,63343147.51091902,0.0
0.049609492813149136,0.12067017220955131,0.0028191835559725166,23.107101283934227,0.11897573581590434,63530524.97593543,0.0
0.04460391364561609,0.1362529452241301,0.009299217631456648,28.73722485713528,0.1986578954910832,56098910.872335285,0.0
0.04930686247802736,0.12507723110857835,0.004179685080138871,16.595647703809398,0.07697368017341567,64196662.41129273,0.0
0.06189847544321636,0.054202646520133416,0.007015652656029423,35.52648714729156,0.15591282956146107,59916115.575960785,0.0
0.08369564006481478,0.17232283796086326,0.00492982710458089,24.112540581128584,0.09753803448405272,58987612.69902719,0.0
0.03272701674866539,0.12684186060436517,0.0008147389771294189,20.812971373422542,0.1032853877083316,78711446.75164838,0.0
2.378701208359743,7.426806265946375,0.675777984294891,30.981028081348317,2.2113142025285466,381168494.3764828,5.0
0.05411844764574809,0.13687233545673852,0.0003900642076281813,17.86990941439774,0.1851605661822803,69168256.20608923,0.0
0.03477023628003302,0.12753887769097008,0.0005662555737755803,30.638431472582145,0.11794064312675973,61458803.921332,0.0
0.018618907703653285,0.14971857387601004,0.009667061400184605,25.494668935144418,0.07686376476632148,64579029.21172507,0.0
0.042405809101148655,0.11245163268583286,0.007827456742513868,23.42366833041872,0.15695788833651245,76390499.31939608,0.0
0.057786500021943354,0.06863661569866458,0.009226451396035722,31.64028444493484,0.13982095693418634,64324979.76520125,0.0
0.06282589910172126,0.13678045313301224,0.0035454820882860737,31.39287583969687,0.12916125795075617,60642810.611721605,0.0
0.03314288316832032,0.12613239966179793,0.00133778144993968,20.1664905464867,0.14225561955857968,56392949.08549013,0.0
0.06400366723779934,0.1068681266886622,0.004834980851068038,30.43855213078933,0.1370783052490797,64398708.24037357,0.0
0.04416622993634317,0.13915426790822885,0.0006409471103617548,25.806497713313476,0.18413395909360586,69103102.27456598,0.0
0.00792533249809066,0.10239588303070299,0.006113416562477262,18.092041407682096,0.15216206651384004,70634331.94499211,0.0
0.03656299836158598,0.14037092984796545,0.00972568235649737,26.601082889744145,0.12983485305393344,65073930.00111514,0.0
0.05261753634434435,0.20120142527060408,0.0009484919325315611,33.91961297600884,0.1226223839165527,67367292.97910088,0.0
0.038116736056965896,0.10367266172701306,0.004226866196574257,19.81004322505385,0.10775553723251653,59939752.893176325,0.0
0.06510675669034717,0.11468999482479697,0.007640955865788794,17.964564026079916,0.1820472705595273,63968252.77232021,0.0
0.05550464819113487,0.13936379269946741,0.0036229349000020485,22.513228142929535,0.19531218788699228,64496087.797131,0.0
0.013141564135352897,0.16179382910665804,0.009766176373150092,26.658238335628813,0.11978004467464202,63479452.94464524,0.0
0.04290615557767239,0.18606906800690665,0.0071756138264853575,26.657354481654476,0.1159609967727374,66168279.21811032,0.0
0.035210640310464135,0.099538379426998,0.007951102825267247,30.094616200449494,0.15559928385285415,80252593.93177122,0.0
0.057864894348030285,0.06920885084819543,0.004458255498270162,25.036813407117837,0.1888977599167204,66301777.0489483,0.0
0.030700070876119312,0.07196370582405646,0.007668488978177731,18.570001467417534,0.1526295064018915,54371469.92148012,0.0
0.05162910974354113,0.14039581541108526,0.008962567164715789,27.5807201979319,0.16581229010597323,58130364.48301481,0.0
0.02661351505496488,0.09886067809107696,0.00019972932578028125,22.83852410446335,0.15079981944825677,57299936.61277352,0.0
0.02919876655239516,0.0658443603871572,0.008924690939520117,32.37939575251983,0.18362426851133531,44120500.9927064,0.0
0.06784686115904486,0.11707967105733737,0.002786943159285258,30.885924815921694,0.11952958517269416,74299229.7143947,0.0
0.0724718814878153,0.09171069974256757,0.006082113767664467,21.980705343815227,0.11603580596039106,58512631.65990319,0.0
0.030024218412175625,0.11609719104999697,0.0050371943458995625,25.757036953123887,0.1301073141456932,79138136.29190138,0.0
0.043315079254637553,0.09797578122075239,0.009837115832091518,26.540049511086703,0.1164599753446419,70506547.07807232,0.0
0.05375892277988946,0.09305013768308898,0.006565627023996524,17.84584399187664,0.19614011399126174,50345531.42185085,0.0
0.04979672901213805,0.13468634902084414,0.007534756054464806,18.149866863177856,0.143229022466695,59012061.47405774,0.0
0.04836138722715625,0.0577494345597719,0.009381811725247225,25.898111363159618,0.06388345936969937,69387911.09040563,0.0
0.043355852941112535,0.11157671889144254,0.004151071768549326,20.7807306128755,0.2051257072199045,73443814.71273156,0.0
0.056694907984040095,0.09341039088818995,0.007408832067219855,20.34499144183779,0.162092916013931,71615054.88970332,0.0
0.052764885307036845,0.0818628436930164,0.006966889878731969,26.706079212460168,0.20408157463897303,62332798.09333588,0.0
0.03143525062343387,0.10830729691570208,0.00995421512925456,22.04360995315147,0.17460655937114322,65089522.177763015,0.0
0.04644181165411475,0.19042946559952678,0.0004876631881314042,27.402933792138562,0.14545749740838193,61087074.78324402,0.0
0.05120698646177247,0.10746897170885547,0.0075886813441794964,31.276748901442375,0.17964067805345796,65847818.201218754,0.0
3.078160473438273,7.522072036626892,0.4149040459735026,94.43628661214873,1.958727631816605,496627105.4133419,2.0
5.544118742109724,3.1350939255888934,0.24398050871431126,149.3346150785656,1.4504026494843574,522639025.0381165,5.0
0.047693726729093965,0.11203833090163072,0.002117981498815027,32.218351595831194,0.17737944534211983,71370379.96883895,0.0
0.03596681909457329,0.14433908660926045,0.0035677049034925122,25.11169619659304,0.12375611055977434,59973804.36908838,0.0
0.05336715459527793,0.17331335175992904,0.0010233217953406315,24.8041894227862,0.10936018275327883,66997437.37369366,0.0
0.06416497343682637,0.17194406099875878,0.0034327548906444827,24.158075387635737,0.22131622400260575,81655062.21120521,0.0
0.030010466515576338,0.12801761408719958,0.004243720260536347,26.604987818430114,0.13896417114239304,53920038.28010185,0.0
0.06821257801995093,0.15133744007669098,0.0014424002111810353,23.092552925879538,0.1252653991982348,74199530.3417537,0.0
0.046004860758373074,0.10558618208627199,0.0027976693088704084,27.755085301131498,0.13626659296590202,76358915.31923589,0.0
0.054578886881660606,0.139761207406276,0.0028751119938375904,26.791722555380016,0.1783764392234642,52838663.40843802,0.0
0.0836003970487479,0.08960975438432717,0.0032937926930207573,31.840396752443006,0.13164492619900012,68354974.13246045,0.0
0.044163463835134406,0.1309614565852743,0.009655179182347665,31.44431712603151,0.12736251476430377,81913296.52738243,0.0
0.03522599478591274,0.14071349468094824,0.006583074395060618,24.01189766102017,0.18152816563188745,70841528.77011111,0.0
0.056865479205645705,0.12209764205932148,0.008484717744062646,21.5697512148241,0.26772193341074485,66666322.07898391,0.0
0.03483382544212722,0.1552496667765606,0.0015569259775593293,31.767268238106016,0.08849168765879989,67009032.66018517,0.0
0.048650091739840376,0.10113070538978575,0.007210546608978719,23.343238504560755,0.11952235047459664,55032555.71711591,0.0
0.05588649935848038,0.042324486953836254,0.008438128636583062,25.83327908679922,0.1411627310024155,55573813.012372725,0.0
0.030171133392736235,0.12819085590236018,0.0064825695407782205,27.01134038600649,0.1264298507681973,62187313.079155445,0.0
0.036126429167462545,0.1324464672074981,0.00852048415804693,23.369937520915755,0.1401063845189937,70331844.55040245,0.0
0.0682490160752631,0.21658810136188772,0.006347441411040295,23.890558643538657,0.10928354038091362,60704452.84893876,0.0
0.05006403993112803,0.1438718222999417,0.005764889031398659,22.166474459724736,0.20871401779989238,62143847.69486581,0.0
0.03116384723252246,0.1267918180262056,0.0013063438155735973,21.641396053709613,0.13452282213600208,73884674.5012451,0.0
0.07906039286706593,0.09316701942758282,0.00895555740873885,17.39856603879695,0.13199192433336626,65197162.65839645,0.0
0.04536329185009137,0.1315797956615452,0.009487904976919181,18.33775826052717,0.22476266014713042,69839231.01712719,0.0
0.06369127788746443,0.12133832982360099,0.005682686162687684,20.00779573561641,0.09719691249050794,63269591.11520129,0.0
0.04447972668919828,0.18954713890948044,0.0067619574635653925,27.953721677551627,0.18812705017317416,65490018.954551734,0.0
0.04388331126350749,0.15281495481692953,0.0034213260011189497,19.104458928185757,0.07762929141646967,63640604.89846687,0.0
0.0603385564801446,0.06699353917867315,0.005668584332940947,15.851590923959586,0.14262843992669152,60728483.18159796,0.0
3.691233209576617,5.1243508860967335,0.637165350781083,27.60821548759482,2.1520875196333047,381181284.4375219,3.0
0.03629214825292916,0.09518426648293282,0.008677231528050925,19.51562460308007,0.13630780626203404,57771805.576268435,0.0
0.050509309701020105,0.06600194696766237,0.0033410465208656326,13.57111377752525,0.16905720666868498,62502457.208558984,0.0
0.03627478629077034,0.11653169949155558,0.0023833721062799696,26.98698511729617,0.11457144800801239,65986641.28543335,0.0
0.06203348460270898,0.1143022482874697,0.00600583196987136,21.69229278742354,0.14958139483789082,63702163.41019063,0.0
0.042361712813514946,0.14066477214380121,0.007905136075336477,35.29922500868701,0.14795056657871233,75361040.04777779,0.0
0.061582888994369755,0.162009161240859,0.00019651482746847805,21.856648764845698,0.1413921470575928,75123244.21130787,0.0
0.06407332642491238,0.18155171694682967,0.0005116550644547591,23.030066593784397,0.13927443443032947,62068257.0295353,0.0
5.379079722585075,7.8622532813870984,0.209251781209013,117.14392403437526,1.6817236622861458,443851964.0268377,2.0
0.044501550140333086,0.1070296033159726,0.005722838145420012,31.831947059272192,0.1422663620128151,60771599.47774926,0.0
0.02813036862243196,0.18283239745693128,0.00410731543491012,33.610775489040975,0.12981465030843062,83739031.47805066,0.0
0.0459671162221518,0.12993128582815253,0.005122605638762605,21.198181793919346,0.20065321071825154,69214434.33009766,0.0
0.050702967765089445,0.10846932747785179,0.0003979712733565255,24.18648149215454,0.21555842110399331,64062326.602609426,0.0
0.022726530473251447,0.14701720541928362,0.009865694907793265,34.08377814787552,0.157250157933802,62991123.706912674,0.0
0.04450309540689304,0.10280961885002633,0.0044797165638219,24.69451245997066,0.09164966429877225,57101478.0360819,0.0
0.04791576452366004,0.1321348492161722,0.007139579478647715,27.494415973841065,0.13296728006533795,64425916.51047708,0.0
0.04788073674735047,0.15413593604672926,0.003525292413005173,20.59994009154618,0.17284564968152294,82305295.25146064,0.0
0.06121171088331932,0.13106545850139723,0.008908321482896336,28.69118615408081,0.23839422662993856,60579938.64578122,0.0
0.041833046417584584,0.11364928257633691,0.007563560547436343,25.96724287495898,0.16180899033380972,58336938.80173378,0.0
0.04835871201096992,0.11546689635977957,0.004179840855069136,18.88389884969035,0.12491628700910815,65811227.450722024,0.0
0.03781877067504784,0.12083660651497344,0.0009135324272355583,20.815098227802064,0.12039070989805166,62589209.198954694,0.0
0.036826213697865755,0.11294779631183686,0.001633544497431565,37.460919993003436,0.09973738656218258,60343370.87387897,0.0
4.084663759075563,7.933769157735013,0.7071637977462117,46.346960231810904,2.3670588409213726,462953908.86789197,2.0
0.06209817841693568,0.07452742727939615,0.00482493060527663,29.132016586652625,0.0953554367626526,83939839.54958785,0.0
0.0465806325921894,0.05637072711144957,0.009789473558546619,31.136369110406314,0.15935460404036988,83110055.51570572,0.0
0.043052689503998605,0.1458878603103635,0.005061398526946444,29.101491872544823,0.15601897995095604,66546743.027903475,0.0
0.0580440888015849,0.1084042065885837,0.004447127768583358,31.2880952817968,0.15620621371461424,56331786.3808083,0.0
0.06661909933599172,0.15455670808061855,0.008341641082084414,34.50134212155483,0.14098026306661454,67090089.318239756,0.0
0.0561314305801396,0.0653477372145349,0.002585572636402459,27.603447482113342,0.14615997353064566,61188557.24465643,0.0
0.04824687884372962,0.12068658301928964,0.0008496628988946642,33.3496139070232,0.26168835471639845,67759697.41892865,0.0
0.01855439766955899,0.11820121967440297,0.001322687150984817,23.62577349665104,0.24809479651474894,77101147.73416884,0.0
0.034504117380111214,0.0667174284823738,0.004603553731348269,28.487934851695996,0.16337308218214014,63003359.83720623,0.0
0.029401411093117037,0.0732581450815038,0.006734197289114327,21.599132618260246,0.18076543117240132,59013474.92241401,0.0
0.03643880559375785,0.1041919183344132,0.001665035470495151,21.941201802477075,0.1536123919682574,71312641.05422951,0.0
0.054239034104163954,0.12203079571829382,0.0077587725446969305,22.26002090629431,0.10304506694775883,58589549.9140124,0.0
0.04194489374734551,0.07607026198093117,0.009122075712491821,34.23197960299624,0.09818965517331515,69166051.39553237,0.0
0.04037948573721388,0.0926298777621137,0.005618769562415131,28.648864685170977,0.14433349472511026,63702844.58706026,0.0
0.020586863431752558,0.14002201045999504,0.004499436742688596,15.476626532672682,0.25841326577339574,66469324.7693923,0.0
0.050117279622249655,0.12690604975919584,0.008973973183215864,25.183914165871172,0.11816044359964983,72997921.18935832,0.0
0.04961702653338089,0.1446577288938653,0.008679995918950899,16.830385204703564,0.17433068665376755,58562506.569048956,0.0
0.04998471017969387,0.14330734882190616,0.006917201141346889,22.760193307750125,0.2588764859162597,59371620.26222056,0.0
0.04779681472154141,0.17421570530233155,0.0034700233541219996,27.34489039074234,0.13064266220195067,73398362.33787741,0.0
0.04298974249990623,0.17078246418977241,0.00868098159867063,25.289320237133783,0.08250883681435325,63022209.47110426,0.0
0.03994371043322941,0.1266317937427378,0.007233303039939631,33.992400435690584,0.22705143419421572,68764048.86884543,0.0
0.018904293318328505,0.08302048250339114,0.004858856061896132,31.372142133437908,0.1344572711803519,70098669.44953713,0.0
0.023628777206798148,0.12837364024389022,0.003922177934335401,30.96655502963563,0.17907176185607215,69406596.73441494,0.0
0.0775641407624672,0.14559830884012473,0.001910621393463582,29.00350973772788,0.16228156949007286,72705902.13200147,0.0
0.027056900638789936,0.142582545508252,0.008836839676879897,24.66064309150259,0.1409677300369583,57451674.85102231,0.0
0.03565950720269109,0.14059936444197518,0.00865071099375394,27.294970008371454,0.14281521114377466,72476759.06558964,0.0
0.03229809422897392,0.10413630568419452,0.0016549977466365562,14.028087650899879,0.1652541133832114,68199368.15694506,0.0
0.06073513838755334,0.14168990060881476,0.004583634794263062,27.232682534703557,0.17259156423630592,61220419.39186315,0.0
0.04097204028141251,0.1554423093375425,0.00906866577339836,31.71090065622427,0.1518919497251491,67405580.95236109,0.0
0.026585882772945112,0.12596623198487997,0.008109351926726106,22.693664747508464,0.16264271478919803,72405587.17192556,0.0
0.044714756881459664,0.07616622944554083,0.008852388787075652,22.561832895225187,0.16452017139224306,71611931.43079978,0.0
0.06826727963283784,0.14936291751643643,0.00038400877326344565,13.95859611885874,0.19406951447144835,57135303.02556874,0.0
0.02664089599856615,0.13645154655788708,0.003340455484199596,17.985669213960726,0.17928604904218942,88690675.27443531,0.0
0.03667200709960202,0.06036449446106483,0.001070291342110381,23.917384012319133,0.12479806274606635,68145102.0507978,0.0
0.031742138456983,0.14346682160344243,0.005597446613336749,19.743899851087487,0.13497999839697716,74072762.32935518,0.0
0.06215631064810394,0.1442521518061064,0.009667342275351081,23.24610897199223,0.19511152108446583,69569112.10742554,0.0
0.041337650470640266,0.12206444775563591,0.0030891772284376605,28.920732081767493,0.070402149207155,80714127.09565966,0.0
0.05845258973798298,0.04535915308458072,0.0033799878102849,24.776967339084994,0.18524235568229733,64930164.90653803,0.0
1.5414255032578934,5.281853306381685,0.1963760958902795,119.79073944294167,1.3525569126939607,295483620.77049494,2.0
0.055763133836939434,0.10750397797176867,0.004805599408362681,17.671630713289524,0.15030911572702738,62336778.054843545,0.0
0.023769438869243785,0.09636876037589664,0.0059742924257342005,22.367341564519784,0.13198986448886912,54935095.45922735,0.0
0.05007725765192537,0.05559727894229864,0.00517131892010638,25.975384627113012,0.16885565051059961,80165028.0073256,0.0
0.0626916018108193,0.0909344457705202,0.004445735010694285,23.28397036578481,0.16222662274570382,82611348.73701048,0.0
2.6632781346651537,9.80509556674325,0.6751123280752374,103.55634728707436,1.3419359023944315,214165955.67999294,1.0
0.07971987850010262,0.20444153975645207,0.0019202336913634456,31.460301671632614,0.1515885528687854,78942608.88462128,0.0
0.0401651929618299,0.1300434549005598,0.0002583897222001119,22.224916492279455,0.16715871794194068,74797590.41747653,0.0
0.06312549345889713,0.17211895879149014,0.00029299443103418364,28.4758262416507,0.16636563691103975,66192885.93392791,0.0
0.046236596294017544,0.14110831397320917,0.0012906512482906297,28.375685282034603,0.14922726782912657,64289732.22115837,0.0
0.037934425415725156,0.17660244012390183,0.0020909736458961424,20.62078796752445,0.1842080603099305,73633503.42876184,0.0
0.04680046990077392,0.1275149614109684,0.005060446924118366,22.77596580914755,0.11051815284254737,51731115.68351644,0.0
0.053859822460384635,0.1040357710384034,0.0016874943839822953,23.50589955485398,0.16742185275969457,71267647.0519225,0.0
0.027448304609109606,0.14111366251999877,0.0005450927741371958,29.165788833147175,0.1339516317382129,56483584.71279273,0.0
0.06251673092489711,0.11764875984827255,0.004841730321634075,23.32598506277749,0.10896140730076888,64214935.48774165,0.0
0.04539136575316251,0.09717688889924286,0.0002464440463632267,29.272010005603597,0.09440879427229323,61724875.83630127,0.0
0.07158377395004616,0.09850571022470893,0.004698043214486815,21.225669017140394,0.17162358167248962,69079583.94953917,0.0
0.06009439213821661,0.10471325169666239,0.006032454226840298,20.392744882855393,0.17919277449070523,69751039.56150404,0.0
0.02460215788530121,0.11717900877461336,0.0016684857820557764,25.061117742075847,0.10943343127492125,58102075.60084518,0.0
0.039520176730318365,0.07775424232499745,0.00153412882389088,23.753151874137593,0.17453062178644574,67297610.9368388,0.0
0.049523210135004186,0.11321608514295187,0.005689554832818507,28.279460688937913,0.17830367287898477,68626120.85275042,0.0
0.04077323086709239,0.1030142957621246,0.006752308375620375,29.779013725562404,0.24016152435684476,51076897.59484527,0.0
5.292236055927608,8.604365594889707,0.33911237409237827,95.66340104222027,1.8170985755290698,393510576.48775285,2.0
0.0638363418836028,0.10770050175001936,0.007566465493523989,27.759821296659137,0.23483974263380436,65539711.820848905,0.0
0.044624595618822836,0.16142227834114747,0.005396617889031524,13.107841700633358,0.14065572156068537,75969654.0250606,0.0
0.055473349704203846,0.06689892061649122,0.00637302156538024,30.506650824447753,0.12973460664848321,64749957.26997559,0.0
0.046759910749631727,0.1365342197258132,0.0024974417922935524,12.232252019720509,0.16874160646184275,59619738.69239683,0.0
0.05997015164789478,0.05322673547429131,0.0017478498788336594,27.197430240042557,0.1138938256004872,64500246.2684632,0.0
0.06179362367151865,0.129109817730401,0.00010513224541653488,25.47310522334679,0.1421562715729225,73807178.71117921,0.0
0.032411854989914904,0.12902915934274134,0.0060671620197000386,21.59752976117976,0.19585948634932154,73950564.40497333,0.0
0.03759365125258031,0.12370138269450182,0.003354068134963469,31.339802435515445,0.1877754089134156,91554183.8802682,0.0
0.04527627568784327,0.1575542316718104,0.008679796267309029,12.981656994497348,0.13455548895655434,63773983.823766515,0.0
0.05221513847605069,0.1119570129298682,0.004603290506427651,30.904949526528362,0.15764496935345568,63228856.25851986,0.0
0.06897970755757075,0.12742326735759613,0.0029119645499662418,32.447997047238246,0.16792313364051567,60927287.421457514,0.0
0.023794282546425297,0.05868599176368982,0.002059881841884732,30.780033347255635,0.12691085097157717,71935306.02216332,0.0
0.04637641164803253,0.09294928162617368,6.0470431839784176e-05,18.34647434334537,0.18453749120759513,66360572.50335729,0.0
4.682718266750048,8.93046641301372,0.6494936846516691,137.44080420363056,1.5564112836717339,331277464.8766707,3.0
0.04479754162893099,0.10371413401269813,0.006276688771588088,16.490488849908324,0.11584707649982491,69196737.94062299,0.0
0.03700948740507133,0.07532934542115824,0.006736098319966952,27.38120176693833,0.13910292396276513,69920394.60972102,0.0
0.054707939095541114,0.15343551953832135,0.007623612137071728,24.17459717498477,0.20354368553182428,60186870.732067384,0.0
0.008636396095905878,0.12548428048862836,0.004596147517329265,18.250371810693636,0.11847809507067968,59787413.15655839,0.0
0.06713034325424327,0.17289042255865716,0.0003443130857331456,20.387935075780234,0.10485637307611861,66768234.24009163,0.0
0.032689765224724346,0.11638723864736263,0.001531445000839562,22.49901091452002,0.07363210164091027,75775888.76171562,0.0
0.06080703078052355,0.15939021745451692,0.005275879732721657,26.293849026219608,0.16600000022454264,66385622.5619179,0.0
0.04891010648735861,0.1732352179505783,0.002583004291275922,28.416062020005345,0.14654648567013093,66252752.94511972,0.0
0.06294857252496737,0.14328958882921225,0.007880351495750221,29.68028083968008,0.1442053297941562,70153892.66178107,0.0
5.239879833104679,8.80612647833165,0.18093292395975077,34.36980035468054,1.7650581080337802,515329456.6172058,5.0
0.053083650655269876,0.06926241731055144,0.009588718731904101,25.683733236996154,0.13801215773342743,79898459.52756402,0.0
0.07309946664326318,0.09963762883127811,0.009688146905778044,29.394819865353256,0.17826021854189011,58851008.84555025,0.0
5.917247950390948,3.7735094585938302,0.1642836259550058,36.18577030249728,1.5723692266033762,416022363.5360869,3.0
3.247650949521964,6.939390495610722,0.42480877458956745,22.307434479607466,0.9168261326951672,499340534.27457076,2.0
0.05481548484531086,0.1368653121601472,0.006768722758275765,31.2614183097832,0.17395985366737055,64385756.802388035,0.0
0.04095889748333163,0.06687441886617165,0.008629596233130185,25.10208583606459,0.13229642828903376,73678449.80127737,0.0
0.08337298928502379,0.09190114446172051,0.00269439446303655,20.465485626389693,0.12649048122720405,61530054.49187175,0.0
0.037719546782563444,0.03031832194216412,0.007622120583141771,24.10374487321544,0.1580953348239478,68998563.39225319,0.0
5.053704041447471,4.022634898411603,0.7093607033029004,29.343698225772894,2.374992206343319,337474641.12311465,1.0
0.053828676066309145,0.1883640698134299,0.004321162368019294,29.110330390162638,0.1860836524635307,70741667.6881458,0.0
0.019613030554277707,0.13657712268840091,0.002135428544903414,18.395608223113413,0.14748424532400567,60279251.47847929,0.0
0.03768132887781446,0.12105110177074287,0.006502550710936615,21.485442809802162,0.0845438792317406,67821668.8741506,0.0
0.05988063524304784,0.13489057024644602,0.009994606810596732,29.812514429000508,0.17338491809946963,68601267.75546293,0.0
0.05963317690683539,0.1278133619945206,0.00469040747518154,32.944701642220416,0.11662914627728138,69979660.2333637,0.0
0.0571929317825844,0.09754795818344916,0.003180396116945199,29.49334580169587,0.11798658375338784,63842310.16855973,0.0
0.06160621003930459,0.12119095938752812,0.009261929864146267,35.24354128849426,0.21733258303710118,58797960.357551515,0.0
0.0684696548372101,0.1268157668151571,0.0008058081228651359,33.422624173017255,0.1484342389212663,69910366.72629489,0.0
0.06237893368511106,0.13366626974751114,0.005506604592365643,23.133157874984576,0.13426248414901798,58711787.32707511,0.0
0.06319646549968774,0.08492240433756462,0.0005227910326875962,32.97088978102006,0.22934816541915004,64297479.58490014,0.0
0.05855902261629293,0.10126391506013194,0.004247941813314118,22.669056940268884,0.17540400046391702,77780838.9697708,0.0
0.03625383842146592,0.14009249273129004,0.005498769211562104,17.537688649970036,0.15739434616241457,43531604.81819101,0.0
0.058246646657207385,0.17992140994062625,0.007746526197930176,27.1617635710017,0.1606065569098635,67328520.95194118,0.0
0.03783513829852325,0.09585952790775391,0.0005165735711464103,12.388610412560247,0.12280445841055254,70856085.48326248,0.0
0.05522929456942446,0.10471480923857915,0.0068311428572304655,26.63905536787062,0.19063748894254223,58905318.46057245,0.0
0.03420233687407937,0.1070636382384728,0.0014850678164368082,29.474552780134125,0.2227908714925039,63226144.05880607,0.0
0.038467704441452345,0.15131265156508553,0.008049668338816854,26.612523301449524,0.15507298740539846,62115077.86187868,0.0
0.04849824196895252,0.09101313044621678,0.0017833151242821633,26.97799417381471,0.16182662205927997,58319490.704617985,0.0
0.05529077189997659,0.10645151041339596,0.004751083649318354,32.06013439271625,0.13553487562509817,75652975.21388753,0.0
0.03877068129148798,0.1801782267172554,0.002476316430714387,28.577465483847426,0.11826161080466113,64577194.74390825,0.0
0.04630570602357257,0.15934394519951048,0.0008975950056015713,31.755078762435,0.19300886164727662,52770833.75383791,0.0
2.7302276315120038,8.393425509509074,0.2143414810617141,65.0265198471662,2.4208963901903973,526733326.01205397,1.0
0.03534722654429785,0.1073488031657105,0.006442130159896179,22.504305242648172,0.19087851106712567,69025511.42386425,0.0
0.04766551501399881,0.14376999714033684,0.0012525123109620795,28.72680362038938,0.1983692258889575,77610960.4325087,0.0
1.6574184308226911,6.315837926034903,0.1917490701261474,124.47835829081185,2.263364332975305,222839567.73298302,5.0
0.04406110308150716,0.17711499146811882,0.006844353610693075,23.337103100750625,0.1997145025143326,69065800.76195005,0.0
0.04219543045521831,0.14525177633150702,0.003616660831950428,27.200299645115724,0.13216970160812605,56621291.843450665,0.0
0.0556253467094903,0.17690856203767222,0.0031037088910812007,28.21150617505588,0.216585672878651,68867838.19038945,0.0
0.035974400816559046,0.0769657641941654,0.00775234538899056,19.730822523178272,0.1775282122581153,67095260.05210725,0.0
0.044441666452352376,0.14107414121373693,0.0041892362479291866,20.92994665354222,0.13080141429151163,68904957.09889331,0.0
0.09289661351767291,0.13664007388843183,0.001147419583381919,18.392221067444744,0.09535206649324329,61165635.043608256,0.0
0.07815784502387027,0.10559773994032369,0.00950279223611407,19.883733883122076,0.17042402761641254,57652507.63754786,0.0
0.0383072485017783,0.11891293734951842,0.0013574585309990106,22.028945638091667,0.15215589388132825,72134393.14727846,0.0
0.0507290317834733,0.062078939732009626,0.004468741952004389,20.485955365186,0.1852958835915992,64302003.429056324,0.0
0.036348430041475005,0.1556181513395226,0.00334878290136985,22.015526076340144,0.21548846578811415,56815923.89514477,0.0
0.043497688852800705,0.10328240460885982,0.009355230227588572,20.87083613380976,0.18885649430689438,78889122.7976731,0.0
0.05273908826556149,0.12461747883701849,0.005649526076524732,21.3325896666086,0.19568829571542232,68600608.4804474,0.0
0.03775408422474841,0.06974316666460154,0.0066576524026536734,22.82105135188182,0.1575452432627192,80743122.83335066,0.0
0.024651272930648924,0.08287882267611896,0.0027789112598775602,24.05492851158763,0.1034134660595042,73644685.39885546,0.0
0.022822170144488587,0.14175501614496178,0.003559577734706405,22.30204389631434,0.1787667466542175,64633753.28574687,0.0
0.038030740540524105,0.09565067929810275,0.008545154359107495,28.84515827721138,0.1712137160668232,51138972.61973452,0.0
0.04131917825995694,0.1697961847634979,0.009754103676847451,22.588432145318485,0.17289781224620407,63227147.652724735,0.0
0.05415555398150197,0.07473544647450926,0.00610363007818157,25.46579168849871,0.13140931104353087,63714510.073676355,0.0
0.048125742119213284,0.12494399990306121,0.008208490092631287,23.892001528074804,0.02,78900290.68163608,0.0
0.03882184550816299,0.17205361543675746,0.0034206943465755536,22.000893030414694,0.14878947769612055,77798234.46379721,0.0
4.930046529198868,8.590932016898472,0.2522599211279976,134.79281627779736,2.437424373761418,401133973.89961267,2.0
0.026330179450328745,0.16356378532578753,0.007159846935417241,15.632793480226916,0.11414529808699275,58168262.849158116,0.0
0.03860463605691685,0.16478315344160555,0.002688615449790066,24.663612675432326,0.17065586671146316,47888106.82982987,0.0
0.04777254185542311,0.15115866252927782,0.004391306608048505,30.486100958032193,0.13479852614842586,68086204.3810635,0.0
0.01944926340967268,0.12024721055198617,0.002039946036093874,24.91052511495825,0.11011086850244894,61844676.912661046,0.0
0.05449172799159427,0.18973803736088413,0.003480519554773205,18.004607859077623,0.11299661518085459,88335143.24532503,0.0
0.029637197635061924,0.0747581128496708,0.0024746298123314637,24.135771625929447,0.16652589903810489,74917713.34638667,0.0
0.045721274199920725,0.11782331440502411,0.0069290891102476776,32.22206097527544,0.17079484072407647,79665605.84026748,0.0
0.04867449856663084,0.18917542045804198,0.0014795833410940584,24.345370974369366,0.08897713167755664,61859499.23916727,0.0
0.02919476371280469,0.10813072022554863,0.007549325397850504,25.060848411414526,0.1420374978496052,77763134.56935742,0.0
0.04518888601172692,0.1311878139071642,0.002755667763091785,31.725738102262074,0.1487685399034634,80453425.8891437,0.0
0.05571000741138138,0.07727506509300444,0.008475476330547363,18.621586700021343,0.07656924975291639,58763404.04283997,0.0
0.08105123377857412,0.0668228873583105,0.002389976802115513,20.928009062768382,0.1435970205356678,61549804.9200804,0.0
0.052668038992874706,0.1252277218794916,0.009200381641090527,26.181118231321165,0.17668261890913417,66688757.48778785,0.0
0.015504651159359974,0.13663087112733835,0.007974205539416643,27.548415386211644,0.10328970336400314,56929595.549314305,0.0
0.03256507483616891,0.183152183842536,0.0005622429485097225,28.29765734794569,0.21979445626493974,66815753.44972071,0.0
3.4233680408446925,4.341894898131441,0.3233746914844303,113.10884393915975,1.5488147522966873,372188517.48599243,3.0
0.02993788849871898,0.1397008301061024,0.00126110141678625,24.9171579508874,0.09232358575552763,84072089.83338578,0.0
0.0666235293098685,0.1441397731835818,0.009902851705849413,20.10705805005673,0.1210055566479979,79846311.19370513,0.0
0.042256553383427396,0.16132243193582507,0.0005823783082027523,14.450808796871792,0.1557701408912816,76963480.23552927,0.0
0.04966361348397007,0.1155357807867863,0.00021009156986360745,24.726108198305873,0.08869264116305063,70306975.96425003,0.0
4.1985884140262675,7.1506799104918235,0.3416304701002111,28.464996985943863,2.242410193348293,509002471.900367,1.0
0.027874663287997422,0.09637730934233066,0.005380946641211113,34.960183179796545,0.13761960456291084,63576167.54330575,0.0
0.021241457647714148,0.13022674549142305,0.002994231248031066,32.244100541688574,0.17729355128238636,73568512.50406693,0.0
0.05740774873554035,0.10893745003905325,0.0032784283788581826,28.725754321424088,0.16256517985802663,45956109.78961709,0.0
0.020903305196136413,0.132032575854246,0.0043283992105717225,26.487310265589084,0.20972012417772815,77614306.71354397,0.0
0.05183831658122411,0.193011646733799,0.0037870335558115933,26.666849256304392,0.13865173086541072,51237336.03757813,0.0
0.040622830966266836,0.16272874545845667,0.008816353491754107,26.286865532086747,0.16523305673381014,65488560.53558502,0.0
0.023972234058115785,0.07419128603083107,0.009409923225744372,23.274265594309863,0.2058173632879674,65996500.368439145,0.0
0.05065950739567278,0.13190179530991117,0.003094695490886009,20.49312160051413,0.07308912911750653,58090245.9697434,0.0
0.04819794942356533,0.15052689500255423,0.001996697380406467,28.166126550575466,0.1437831026988896,66416690.435151726,0.0
0.048575534741021775,0.08100837424433022,0.005601159830093484,16.369946906666165,0.19203097161888452,60652434.204035796,0.0
0.03591576690394704,0.12278592518316127,0.007032800540422505,16.22281051344645,0.12201596765190544,58839935.98992602,0.0
0.059111567819823234,0.1308499644107944,0.00072898451871655,26.90712808767171,0.18583184872943714,64833063.4800072,0.0
0.023666194356034887,0.09345266328549756,0.003892086186234388,24.469029549801235,0.20822401917029193,63321865.58715714,0.0
0.031541184427712525,0.1476718959706969,0.007604000672874827,22.202268573552654,0.14840294146506544,65002334.92337574,0.0
0.043947514328120295,0.14648760379954437,0.0007696918300801736,26.16521475764742,0.21611652204921689,80638584.51746078,0.0
0.04759771388776773,0.15636891255970942,0.0004149732550990637,22.581914302222817,0.11911230448782482,75456935.4372908,0.0
0.04609976950782606,0.1521459055379845,0.009546663568790689,30.829582601276115,0.15278817077717122,57403274.27604227,0.0
0.010471182528966227,0.10080994462282897,0.00021846711986201806,21.577541346936016,0.11777893269957918,55287505.08296518,0.0
0.05771132515725632,0.1338536923383573,0.0025035872957085547,25.163194183454358,0.14504430547059197,70230109.66860107,0.0
0.03272668975149791,0.14604671900249777,0.004064165365740187,25.757015239758662,0.15351894188516677,64744578.041588694,0.0
0.04470543301609978,0.1564603632420598,0.00546247600130851,31.342916178237346,0.2320829324568774,67232127.00743625,0.0
0.06948616955897452,0.09161998710763816,0.005768079196382558,21.659284758361167,0.060176564097393484,49787518.61270078,0.0
0.03814355615120592,0.17560194248152586,0.00582144802814742,16.371144375937135,0.13497964077442,53138605.10057445,0.0
0.022294284110807593,0.09070777536713019,0.001716781950432169,20.25625652366,0.15595235046718361,71723676.17857215,0.0
0.06005299346838036,0.11470543507212709,0.006900468884094496,13.75283772899618,0.14731078771215475,62633940.54574472,0.0
0.0289829561763121,0.13295213903441344,0.009551751604781325,24.535627493034735,0.15739308134486615,77972171.3380306,0.0
0.05154839706236501,0.13736697155771607,0.00199156897597067,27.1121748645072,0.1698653845991958,63573208.35810627,0.0
0.05826068094541574,0.15582357254648707,0.006285039000835678,22.724005475919206,0.1762771626536835,59390067.629976206,0.0
0.0430812361277885,0.08626843758262862,0.00761889894377484,16.872279832189697,0.166387413749862,74462367.09649114,0.0
0.04293827228058462,0.12025124634177796,0.003704914370595143,23.078063117035395,0.1354675196644582,68599503.24850038,0.0
1.8589354145298198,6.443582678265496,0.6783494658725799,45.02857668727236,2.47237505808659,273520454.3425058,5.0
0.05494321903001119,0.14471276198352961,0.001566128148926499,29.471163872504675,0.10645226358094631,61326352.66487096,0.0
0.04292316024024339,0.07963336588779892,0.007621875111940821,24.83976252918143,0.19483746049624984,51605792.72633662,0.0
0.03961061863819411,0.0746359167512537,0.009069855184382438,22.617230992832376,0.19650294672751362,61192238.487225726,0.0
0.041265537772813894,0.136022050315316,0.007172618758657564,30.11420735775382,0.18861306668644506,54310680.10815712,0.0
0.06923063534204163,0.07554786189507887,0.0037183678456641947,18.72919506502198,0.2195193994049408,80365714.84424374,0.0
0.045319073651040924,0.11520515786951395,0.009283725519807919,25.79047437933405,0.15505250058347997,78547631.06537056,0.0
0.06223909989428514,0.1362122202234693,0.004268947278233026,33.53664904779612,0.1531966105496015,69783222.1882723,0.0
0.05627080685057684,0.07357347550911209,0.00948369552788919,31.810662018425397,0.15665972508460496,84222747.43714485,0.0
0.05723605818808945,0.06589945746582433,0.00018081092205685434,23.034548996492692,0.11918300803448484,68653369.45777087,0.0
0.02811766429052435,0.11107654722562058,0.007395811772217427,25.409944069123597,0.16135378269210945,67310022.97935435,0.0
0.047113293703668055,0.13632908590075443,0.00037528657531803124,21.81888143674035,0.11994618121586517,69404109.46448329,0.0
0.022429194389534966,0.12625431508836665,0.005232862493002498,17.69749550290756,0.14381401173756667,66858851.75713075,0.0
0.02990186152080538,0.11604051816194907,0.005924934791764051,24.70784940501256,0.15178208662284604,73775781.69967625,0.0
0.05256069773276766,0.07219155010798128,0.0022748160369354,17.975915280362464,0.1765136437208653,78774427.99413458,0.0
0.04793767882646522,0.13038014407992665,0.009429827840711356,29.77042551078314,0.07111643893424727,57823763.01747508,0.0
0.035222458382967614,0.12788577727143297,0.001691618938424202,28.60498476452818,0.1654284336212581,65289986.87189013,0.0
0.06660175823174208,0.10922670351013905,0.008196770027804591,25.422634918921624,0.19484752570279618,64505072.486392416,0.0
0.03321015809238076,0.0926930304808888,0.004930301251588023,15.798668076022157,0.1104990815029202,73125706.70148823,0.0
0.07065920058872888,0.13602319634740245,0.003235246137370379,19.234578341301088,0.1723931379531224,61816797.30737307,0.0
0.044107119659073,0.12862766724512018,0.0023981995220659024,22.334547989920836,0.1377618227387363,66690186.619829044,0.0
0.04571098006974621,0.10706655749083244,0.009774565631838426,22.27406877636839,0.11760439603642367,64653032.58052204,0.0
0.04439763074033485,0.13871860677210684,0.002651707411833556,18.95400644380197,0.1802812826021591,70119682.91430756,0.0
0.03311218892350949,0.12576662944327807,0.005023718199720955,20.136177416199995,0.13167899267941774,69833329.47860485,0.0
0.060982205625980265,0.12432416935844538,0.008194956853860524,17.724726974547238,0.1533164741268816,71703631.57894973,0.0
0.028784050086001538,0.11850118165409487,0.0010621382758845622,20.289699082128777,0.16555275641054853,86449947.6190331,0.0
0.0759112188732298,0.1353825430717079,0.005019454051318417,24.275607190260565,0.19291718458029386,73897417.40194413,0.0
0.051450624707866044,0.08639837966521877,0.007779849715709369,29.04632349120993,0.19109917373410767,71853736.68583016,0.0
4.3208412956409,6.76150424458814,0.6607733035785089,21.903123812748085,1.090186801776627,269768853.9027593,5.0
0.038981692921712455,0.16173776293672912,0.00363403931999427,25.10053233434549,0.09403086963101474,67374128.3433193,0.0
0.044634681116085255,0.11318559463591614,0.008735342642452147,22.783682675910484,0.06821483984794927,59932555.0130971,0.0
0.03931308388518769,0.1496369771325773,0.004919280240391293,24.918884412020294,0.07977977645181489,68292618.1959805,0.0
0.057455037248163685,0.12088859471898435,0.006877692063657348,25.187709207434107,0.15577240077740315,77205208.49688382,0.0
0.04884044601470813,0.12667224569427585,0.0027509888155912445,25.009884223779054,0.1948386809445751,69360477.7350204,0.0
0.05613191236607838,0.09451730157506374,0.0008661976085469402,20.316023825203086,0.2091792704744349,69473763.76421642,0.0
0.058086859924202164,0.0669175107702723,0.0017478128487493382,23.210860332793665,0.12822815414742833,72451318.10567695,0.0
0.06807054849698954,0.02,0.0024080381607317325,21.90113935873061,0.2047237694725959,63850058.3462175,0.0
0.0675200047793323,0.13265813714364558,0.0039023854958399507,24.594664472822913,0.1790604648934424,77783227.84902455,0.0
0.05661951080144005,0.13951918712537936,0.0010616035354746724,20.008938707442972,0.1748538695987641,70206473.07930422,0.0
0.03922376579375525,0.1641672525249897,0.00237483305169384,25.5705074611326,0.15047521738071168,66253173.30247421,0.0
0.045873130776689995,0.06561844318943774,0.0066692744745868076,23.86446996109537,0.07499970450112253,68955945.84265569,0.0
0.049787617656287704,0.16463867582996553,0.008695411688592183,20.61257988922184,0.12260051283425008,61429682.62628711,0.0
0.07273434142418017,0.06449058407167145,0.0006090554323518271,20.93727114939007,0.23216775365024278,55201795.33199696,0.0
0.04613706837290589,0.05104636638008575,0.00676398368910006,10.8348485492863,0.18179692455502236,58953776.24126288,0.0
0.047750398796687334,0.17027173919970925,0.0021011777594021454,28.513299992496528,0.08110972264169923,75072140.20064317,0.0
0.050004931579304225,0.1705271201214085,0.003862877051455452,30.30071909335635,0.15767558180086588,67163798.12324841,0.0
0.03483426945371841,0.03292669702127221,0.003507097879920843,24.265732393723496,0.11951466205943607,78299251.85403267,0.0
0.07351786028629512,0.15728101880000353,0.004850729091426954,20.103498848586824,0.16367015682854158,66483135.272908635,0.0
0.04515528929765071,0.14574676990360114,0.0041049871369737935,21.72733214500845,0.08020958449578794,59102452.50398661,0.0
0.04826149309769584,0.16640288266397665,0.009880139620654217,20.890925857893272,0.09704195663121748,65443144.93037688,0.0
0.05842789830041598,0.10543319582901611,0.003615401877629566,36.62349457161709,0.20941909477090198,70838371.96660641,0.0
0.030909969092718682,0.09036021618561223,0.006250915526865286,26.912166578462678,0.17554173269070394,54386176.43092555,0.0
0.03052614809129843,0.08179046933512399,0.004568880717372669,27.896733798783877,0.10609556070897092,60413026.12221338,0.0
0.06739032853439282,0.12065866674092093,0.0060053476820641485,22.36722433431649,0.15209829547557777,67660705.9724054,0.0
0.057577361616774625,0.0983825413073206,0.007023987210805986,27.108584665015485,0.13947354911760693,67229126.62575495,0.0
0.046073493558290886,0.1195156788867017,0.007364731746190728,24.648898192411917,0.11665606868134373,65045305.53670666,0.0
1.9026527234208783,8.145810773882772,0.6829954888215732,97.64371376313738,1.55919920193328,504881720.2239601,1.0
5.187471368069707,7.637478112289949,0.5708987403394701,22.676707517597105,2.419299621285676,466737496.5231246,3.0
0.0692056690358797,0.13587280493940634,0.0004486055762771701,18.08329611514195,0.25334294640666266,63094459.84977762,0.0
0.027624529662111857,0.10250944383469292,0.0098138333424128,28.393640346397095,0.18992870623886918,80523282.01106896,0.0
0.04328190232121073,0.14276575323876486,0.0029992939747306626,21.132720779832848,0.1349837021406415,63722354.143937685,0.0
0.042095108110804226,0.10589234038272391,0.0050870598421626665,34.16948273012188,0.15768016947874708,70866379.32838501,0.0
0.06942923318356937,0.13752330024834233,0.004171642789757021,23.080626293346086,0.07507976676277517,72739886.03892761,0.0
0.04821140616195306,0.14177725004151906,0.0019648696695621116,25.827018301498523,0.14560543507592258,71591293.30955613,0.0
0.04923869925732449,0.07302552880302096,0.006634903451287101,20.38905547284186,0.07118765674594395,70870426.97188646,0.0
0.08168627969425239,0.11560910089989848,0.002109698906199504,16.238114524295014,0.18850010367813194,60812149.83615121,0.0
0.04776826954795555,0.11735170384859593,0.009334131270234549,33.36434100949265,0.17552747995394294,57160632.585688345,0.0
0.04853421837162849,0.11191967691543309,0.0039447939083885756,21.313100482510208,0.15424731677760864,51313253.99538198,0.0
0.06755097452650725,0.10158132502189025,0.006296835952592029,20.354318297451208,0.17574675012089963,72755518.67573501,0.0
0.05790710232539618,0.17564436423632393,0.004003298684107583,17.160058672198662,0.19573446120823312,67688392.60036837,0.0
0.02579355971255575,0.09883393674116255,0.004350145943402234,35.89281086995831,0.1390142500253481,68067755.32038283,0.0
0.034424822163623865,0.16650242898868808,0.004473027562526007,26.09194493772087,0.10164564541517113,55620969.224209994,0.0
0.06460714131423642,0.10567511466604135,0.007486087085818324,25.55443191414209,0.1550583687624276,81178241.61550568,0.0
0.0508770600810382,0.09507227327228321,0.003188173228730047,23.925225809605244,0.1710992333211092,76826831.45739213,0.0
0.05471532807151039,0.16105936231553244,0.005445553246546755,20.974524094847457,0.09836231122027103,76018970.34818181,0.0
0.04964731065340541,0.09857415789958127,0.001608602934850979,27.30021161930233,0.146848463996788,62641034.70011465,0.0
0.038837785680681226,0.10064777069214442,0.0021778080176756854,21.378487328961665,0.08265069729543804,70313595.00003897,0.0
0.05878843401862805,0.08620173187668771,0.005952768411040546,26.237402738200522,0.13053294708473612,62762440.507171944,0.0
0.03654413170794038,0.14402114599348453,0.00040333852138451975,29.693200113394724,0.21718989528886118,73317488.06691857,0.0
0.05327228064060701,0.13185405612725914,0.003016622416311489,24.217613119384207,0.1410691364626676,59679340.786298305,0.0
0.05270400159854575,0.14008105473515445,0.00945017094248494,25.46027568655996,0.1460274264883187,83580339.00788832,0.0
0.04805195453800835,0.1182971676950342,0.005355424730977982,25.697488980737294,0.1435947944160825,76642144.32242599,0.0
0.026283252270527257,0.08447170328602459,0.0006194651857898792,15.21330705433005,0.21921287259428673,58504472.52312885,0.0
0.05808480955081017,0.1437780649034776,0.0038722314121020698,31.27572894187452,0.10843119344036935,65749388.55435708,0.0
0.025806345498964475,0.11236839366126691,0.0027913047077426966,30.10018253451045,0.1891148908884455,65797923.071705386,0.0
0.03466218272865648,0.1465272647473267,0.005954148016201084,31.530361019358146,0.1679773406378905,53622991.24141463,0.0
0.04416678451655072,0.09688876011842934,0.00826464609492183,20.117999756681012,0.10763851511951608,49882970.31005283,0.0
0.023462067732308408,0.1173417141725117,0.0011797248362806158,30.115282776261196,0.16182046766361355,58154579.17049609,0.0
0.041648058220112236,0.10073121026779457,0.007767984372086307,27.154312095075188,0.15176250269626396,83492316.18648353,0.0
0.03653882053894907,0.1144334176359982,0.009361765641665052,30.03303270516314,0.12764801711750637,70747402.66576199,0.0
0.026995553894163356,0.11218792108778182,0.004747690060436512,24.68213230406939,0.10776040752292626,48978532.92893292,0.0
0.07321735604160885,0.08764369041546559,0.0078069930417162875,20.303792296589965,0.12063352535515943,65290785.979627796,0.0
0.05504508823245058,0.15840034491137933,0.004694068419892581,19.78864205976376,0.13666157227272913,83957156.76770517,0.0
0.04095187597059943,0.1102362974383867,0.004910197626689101,24.11933248224511,0.1671185050621054,80177521.97278923,0.0
0.058344461934351555,0.15098310190461467,0.0004900464497127355,32.49048816743892,0.15239621027185754,65141072.47550425,0.0
0.028615308529911315,0.07390038280186952,0.002049792328259108,23.65024051587418,0.22650752537427182,59376046.702003,0.0
0.06325737781238244,0.0908815778876942,0.002217794919335464,17.988153582880877,0.16355032649121465,75979207.00010394,0.0
0.035301406736362104,0.11193597500279814,0.008874245353703602,40.49149717035629,0.191266150983007,58948192.15765546,0.0
0.055825080960648525,0.1330236915412402,0.0023285855687609426,27.68884095184242,0.15666551581247354,74010024.38501927,0.0
0.03377270195165169,0.13475553137150595,0.006613426789447244,18.92596932055678,0.18377823488286663,60235349.0785832,0.0
0.0451534959152938,0.1253115297287059,0.004378998871429123,26.95563938466363,0.13751712271789068,58675669.491538584,0.0
0.035853256435209264,0.07816471827402643,0.0031972084933985425,25.04394221316036,0.1541016575927009,90608483.8718359,0.0
0.04528274434417271,0.03893496479608931,0.008649949762077764,31.765345800832037,0.14970076813037014,72644083.73489726,0.0
0.05348264468447316,0.09921660071759532,0.0025566622333181442,14.380035909371822,0.13700568294005816,86402403.39658137,0.0
0.02608674068497432,0.11384509584487751,0.004850179875240413,19.772352571629735,0.12577280000256807,79053854.6203374,0.0
0.06416515232847764,0.1374210081181988,7.35304455442698e-05,21.980808512534068,0.12072570766336456,85327265.23014447,0.0
0.04948938870609738,0.17261969399501498,0.0033721249040628578,19.602335739169803,0.14207760947124373,64922722.8585167,0.0
0.04486321505033695,0.14905671341519136,0.0028467473884646365,36.82703885999987,0.20153734490013553,68932596.47543256,0.0
0.06154952823024782,0.14339191710513283,0.008771275618985018,25.58289256006232,0.17402932060582366,54239693.32353742,0.0
0.04173478195159169,0.07623572931105987,0.0009957971354002892,23.39807470281603,0.18941598845800198,69559586.11418849,0.0
0.036616172290926174,0.16364121004371518,0.009856007339528003,21.84298722216721,0.11365989953951236,64555834.17991786,0.0
0.036009110318339664,0.09628523716825206,0.007176761577934996,16.267666372104834,0.17431790268023015,66731006.55130062,0.0
0.0407800866432268,0.07321460963934243,0.007426359896816906,20.506000948780812,0.094908180429116,62828231.49656001,0.0
0.06552947336298523,0.14340595794573793,0.008643662664559734,23.594372575559568,0.13328867949945525,63185187.53467443,0.0
0.06465463119179413,0.058012600641916795,0.0066186031221500555,25.215154866606408,0.20502387857216833,75029512.16265509,0.0
0.04400880302029025,0.11917567471940166,0.00533323547859605,17.532451108734282,0.12475035455037198,69327497.17823657,0.0
0.030361901205340006,0.1378777230984658,0.006473421343730912,23.173595708980574,0.11879424474448913,71561550.41120973,0.0
0.034452353623111685,0.07215017677389139,0.0046902493971788355,21.145905986356553,0.1628372024770263,66933365.618440025,0.0
0.03680633327621276,0.08916260821685476,0.0019769030311448756,18.732469938141193,0.19921840191039902,60235728.56045401,0.0
0.04680443447567848,0.13870769769681926,0.006647392049108462,27.779707258229212,0.09748125880210909,65425394.371654965,0.0
0.04229280129614062,0.13521695225949118,0.005527038900455401,14.838231178508076,0.18534427143976676,72468822.24335955,0.0
0.053896518869525754,0.14969508087718497,0.00807957328109019,23.929248446444056,0.19450537220813208,74009105.78736572,0.0
0.05925461387960364,0.11566935619650852,0.002401515960220142,18.64225739553858,0.16331041914548042,64742228.444995254,0.0
0.05056718810056963,0.09256820170447612,0.0038451581370626655,23.49509843803389,0.0937082622603039,78054611.33425863,0.0
0.0296815077430393,0.18664478063505524,0.004377650549881285,27.687060014101903,0.17510721671497897,70890551.97105163,0.0
0.03369873194480725,0.10991863941272732,0.0012331849107529225,20.88081565179423,0.16381656726575414,68245448.00974737,0.0
0.0693701768770434,0.11786486098506158,0.0059080453351791585,37.80251479677842,0.15325165700169924,73391395.47576131,0.0
2.7811408599939997,4.503315799737305,0.35830010380457555,100.30728084418698,1.0960729279484374,344470080.8261667,5.0
0.03940750271862349,0.16166920080202585,0.007779094067485368,22.73054291923436,0.15806954619184174,63997268.37682789,0.0
0.028936612529083316,0.06946508143532604,0.008696496848121713,23.106200816984533,0.09768893739409357,53964256.08335058,0.0
5.819714573094979,4.308383753534032,0.48713886180085586,67.69414938096931,2.218713223076245,233723200.21720773,2.0
0.0075089142768964,0.13111086414375614,0.009603667746221303,25.18787429667933,0.13455908808517208,64030055.157965116,0.0
0.03165728355561715,0.15378891196069097,0.003416411126906018,34.79918627372338,0.1872666386747238,76701791.27301653,0.0
0.036159528645836825,0.19085083681503984,0.0028520580268041407,23.930624162226806,0.1801366989368437,53794565.46119076,0.0
0.07613101197968158,0.14599388464259028,9.087034951216322e-05,26.04161254312796,0.14182577093417406,70367205.82169203,0.0
0.05630012431656799,0.12275019604017023,0.008436805296649776,35.677933650386834,0.1107192201115638,77922885.62780523,0.0
0.03656747960132547,0.05590992925815773,0.008088585390335653,14.673486124796948,0.2314212582687838,81078012.21168634,0.0
0.049886944748732495,0.06512492011220904,0.009689443971742913,26.160473189642687,0.15541715338879827,70744926.6200598,0.0
0.03703504567497273,0.11284350726548574,0.0028613504245831433,17.176889363320978,0.1103389183558147,70681664.14591464,0.0
0.06244745628232439,0.10880533668608046,0.0004515136441229195,33.21770754560265,0.1276481672446017,56547062.01130639,0.0
0.06340399835826462,0.1055234517029625,0.0033836786592521583,29.49255852275782,0.20846868065028473,57222278.90909465,0.0
0.03775220306550939,0.1506616377385428,0.0014387615538978015,25.158797282907255,0.12179557919336156,69006686.64050025,0.0
0.062428174539122853,0.11877473364978174,0.0035619394346137947,26.62329117751259,0.12814369522145308,63866709.87107912,0.0
0.05246997436868174,0.10294700025602566,0.009294034838491538,23.290890898769323,0.17668980589716968,63457737.49261687,0.0
0.053201003523020686,0.151640614416646,0.0029892615009833325,15.241985435585567,0.1240612319992345,67737066.58935992,0.0
0.019347474110150614,0.14761698405814316,0.00828185869323453,22.87584326237181,0.2038374003135326,60274785.411765255,0.0
0.019461245936432392,0.13089580357050096,0.007103515007123322,23.219539756904723,0.16779414150229952,56611727.51881806,0.0
0.04128722046672743,0.06523190300232806,0.007153223105291357,17.260992218454845,0.13591649010184476,64294353.20728076,0.0
0.04648998458143839,0.13367435723248505,0.008106835703375918,25.8029471658588,0.16490592745920218,59867903.87499965,0.0
0.05962679600126627,0.07760898247517264,0.0018404477205021352,28.802530597920715,0.19232680375296407,79139612.9619707,0.0
0.05238676896012223,0.10961873893255705,0.008344582528560967,27.2424272709822,0.16865778387361044,72956151.41750276,0.0
0.057502934424133866,0.10707774798433937,0.004606727916549932,31.73049897257129,0.06351870800290244,60978359.16801341,0.0
0.05241045279424108,0.13633348436881282,0.004156277820291552,22.437056015107455,0.1424323927489968,69483937.48115614,0.0
5.688200500496446,5.271863342227498,0.6722431019652599,9.586784710095811,2.119840249636308,506103621.6856686,5.0
0.03656568706138541,0.10100641700930924,0.004135165302899591,24.954088233074305,0.10516929397215001,67649153.45793277,0.0
0.07132191272976547,0.042805188001532574,0.0029265509766740784,25.971667316691168,0.13171125842723216,67123992.90784946,0.0
0.05053009963309352,0.12643420807128763,0.007955783762575865,29.919261718030732,0.11146414635205723,74842626.87604572,0.0
2.475409700948932,5.493737771613087,0.46091096540586585,87.56439919217311,1.0141116357961133,277982005.26843846,1.0
0.04940336898249944,0.12182904716741191,0.00990642737172179,21.35520374983419,0.19734196410326418,65602015.21831176,0.0
0.06417677793910948,0.08485808911052964,0.006434289495173308,18.47705278099764,0.09924069690982006,63200183.89773697,0.0
0.04168545600700165,0.17368046984707747,0.00050175350319974,18.485776182376274,0.12030052888921601,60015858.24901427,0.0
2.741651488806464,5.5985935343020135,0.7418391458911799,3.80892469593865,1.7382601590775266,517866614.9411938,3.0
0.027855445532540653,0.148626138030876,0.004353963233997515,24.291212229862307,0.19719954118759145,75769173.96423827,0.0
0.034470124682898666,0.07474004596844733,0.007199968026274463,33.461732862316026,0.14740910960808493,77365713.92704427,0.0
0.03492564948092922,0.18115771192704455,0.006692682917508349,33.93673207214913,0.14218260613908945,71312311.66080764,0.0
0.05132881131352927,0.09696130556831531,0.006162907483541447,24.358682597580845,0.14935783843005654,61687790.46972528,0.0
0.07239014570320404,0.13939202198905676,0.00402526355490142,21.524253209615637,0.14162497546752345,60617922.0456732,0.0
0.036432315153258045,0.10993933682098755,0.008429454824561972,24.657767536667922,0.10689117016833594,66464070.23188583,0.0
0.05021372558042506,0.14442661453886596,0.0013566146716037775,16.525132807416938,0.24675111117253853,76911626.5923866,0.0
0.0704257656064613,0.15053103830099576,0.008543995133256802,31.217345641729818,0.20476378331051404,60995328.72834711,0.0
5.0419550964114315,7.120842042543832,0.2517120961976774,124.15895422782961,1.4306433420017903,527480308.84729975,5.0
0.04615277824438152,0.17961104134713132,0.00894747570831301,24.077242789070276,0.140417765642516,82634341.49768554,0.0
0.029878705336238938,0.12132782424066607,0.008634315777893845,26.903890356825258,0.10924520171733058,80442063.86681592,0.0
0.04048344456616067,0.10798827035759062,0.006356453219526132,30.811297987528334,0.18867228417002177,71937027.37551601,0.0
0.030277370234280735,0.09076999844294918,0.008439934719420249,30.83754911493223,0.13648739623234388,61042487.44868825,0.0
0.04617952785474136,0.12902133890499626,0.0028540406846342247,24.588731501642734,0.09303329599249602,79826968.31945576,0.0
0.038690320158519614,0.11494184652495687,0.008808951605447524,22.382120057967086,0.1197598392217358,59355538.68384376,0.0
0.02445295530631383,0.11868502742571815,0.00394190494599908,11.627164359229296,0.20597671706615533,50317337.02027717,0.0
0.04110679983624124,0.13230179651232704,0.0026859893291459745,22.34061124855336,0.15707048413001054,69495983.25510894,0.0
0.05929704950869867,0.04935292474639766,0.0023936983634204635,25.17135907100111,0.16613198416667296,72879404.91576783,0.0
0.04761866719247758,0.09140189791261333,0.009192080310537252,15.120183500541902,0.199737131124117,69365841.5730531,0.0
0.033723134248572234,0.13485378782513543,0.005295336150224574,19.34466382248706,0.16343389058880275,54710482.45713728,0.0
0.04214491982874587,0.08486149197714754,0.00579829576047725,23.194953883737153,0.1480880299846084,70751731.52784549,0.0
4.1348131911648585,7.716254523812011,0.4630894208299533,148.04209813207072,1.4779503032738766,371994213.227803,2.0
0.03703696840619519,0.09725821706031065,0.0025232274426374526,19.61809406298971,0.18384473877183735,68714869.00748557,0.0
0.05239976851321334,0.08178231348616403,0.00911818569539447,20.82155497489982,0.19120998775878267,69806510.64804722,0.0
0.04835826036418697,0.09020077480088902,0.002175879399316445,27.01637281518586,0.10401170108410376,70360958.53469397,0.0
0.05419160857593854,0.13701127012961728,0.006144994602551926,18.57806481963743,0.14249091905680464,74629248.30543847,0.0
2.4009942110489972,6.94087053160686,0.3047220021288052,85.56102004730553,0.9087891623937299,279350545.52313954,3.0
0.03158089046670744,0.1747194675591238,0.005824350768882959,23.279509858688336,0.18911390258617325,67909657.64383453,0.0
0.023034376796852697,0.11196579706238785,0.005866017374045605,31.363573669856322,0.13400693062853894,65849332.69515586,0.0
0.04446260941335073,0.14295652717854163,0.0038680724205188,20.456151645960134,0.22867667850033013,65296912.74698041,0.0
0.05935053475191876,0.10842237714853549,0.0017851978927259872,21.88864888553002,0.12778907647947313,64094960.42201276,0.0
0.054137071813607655,0.14128861670897389,0.005637371014453995,26.22519332157703,0.1487007585663162,75077111.03702855,0.0
0.04723001185803167,0.07518405501491365,0.007433528955700124,20.10846025088751,0.1524314149000521,71191947.65893511,0.0
0.06434629131124119,0.13603588401760444,0.00826867847173362,33.25286481616424,0.16539865664190537,63086316.79383186,0.0
0.030666893390993613,0.0864997179786735,0.008933044937881227,12.467142147316416,0.1261202564631627,64493417.04589993,0.0
0.03798448198032163,0.056278884480801886,0.00718699265972796,29.53272078554982,0.11542858952237856,79766593.1077985,0.0
0.03611409113641696,0.07451465670753407,0.004395629417728987,20.92621998588226,0.12143739528071285,75626592.2114636,0.0
0.03669617637438008,0.0842593139853895,0.008319415416880522,20.910540789307472,0.2383842230416951,78840198.01213326,0.0
0.05716212409739673,0.11961177986179893,0.0030936856208001284,23.766377879427797,0.12917477573750805,65581798.18347142,0.0
2.6016483302740534,6.270218933467126,0.6868284628533677,36.45655033962777,2.266771805189341,369353329.07158196,2.0
0.043185777770883275,0.11020663801680478,0.007245579091588183,29.88215688599034,0.10515463948968311,74039075.72388239,0.0
0.06048819306512486,0.08586218904526124,0.005434844285830145,30.935388393708777,0.13656856244081,73421152.07679181,0.0
0.018588558612662735,0.11420290063888287,0.0036456642751986445,27.0680812878584,0.18438523147419383,55018013.10115808,0.0
0.06148165277980785,0.14115803642243785,0.00016028156455123122,16.1030053474639,0.0865661743845661,69459653.49852408,0.0
0.04794781754552205,0.08141977475572518,0.00016912799921607325,24.54015766898477,0.16050011563407335,75395647.5730679,0.0
0.05434274898521248,0.22884714946018764,0.008843434279712875,22.87122197674205,0.1067998956647147,55811207.020493165,0.0
0.06796126248515547,0.10537316589819383,0.0005032293293466395,19.504803877340706,0.13716864552592004,64438761.566676274,0.0
0.0838434546302792,0.11874610474527379,0.008238963816246643,25.485778935431238,0.07740464682074376,59531492.18457348,0.0
0.04196711021349159,0.11997519918981739,0.005147421937567799,24.230473865126562,0.17680198687262094,65012603.40861718,0.0
0.04596420028643194,0.07867155146419041,0.003344425271181041,19.721802551007016,0.11909831552631056,78781259.43327035,0.0
0.041249302281015705,0.19147266140503105,0.005275796224253504,24.43093730793121,0.17293789973421594,58500119.00059509,0.0
0.04816526200803928,0.1428032696968827,0.006916434019733182,26.24725472965036,0.20242423651253852,69585142.22690016,0.0
2.7773076675576145,4.97120427164676,0.731743231101935,129.04779505139163,1.9143864417451972,482961297.56915134,2.0
0.03591427615494992,0.15067594759260275,0.009478565672536608,27.332156437061585,0.1554342360626516,61369024.57059238,0.0
0.02313672750802604,0.09023126524385346,0.005368591465026183,16.419833758446554,0.15406520214133698,69363763.22347641,0.0
0.05282912348425346,0.10852368492204786,0.004751003406917205,19.81845376313115,0.10232501183235,90331664.97514263,0.0
0.0416028166214771,0.02,0.007413087083507622,24.942424559616775,0.14742649410483333,72793296.01430394,0.0
1.8292879444560095,7.895652060132548,0.43093584245557937,23.732468746482812,0.9129534497933723,454610547.93108803,5.0
0.022152196428243377,0.17964369306894218,0.009799554473582784,29.846846512040273,0.1451025604101041,62954698.6671567,0.0
0.054753017669379914,0.1716927049141396,0.008747436496565661,38.189408761300996,0.1298230926681132,61479983.49755718,0.0
0.06825750739221115,0.10827017765899918,0.009627325838611391,25.318245307482588,0.1248311730861055,47454027.447570555,0.0
0.01183297036488172,0.14525468767941502,0.0045790029512707145,33.36132952048764,0.15238767522318944,75429744.97852819,0.0
0.038511627182705684,0.12837915751873819,0.002382896705530916,21.511405480508778,0.08103752756527857,63899518.11626785,0.0
0.06958675208166101,0.13550507456565813,0.004903124894098283,23.153406149209054,0.11595278070210059,61459855.92271414,0.0
0.04477035226240506,0.1116661347290781,0.0011633172713326123,26.204383786002037,0.12118179717299764,71504485.83080634,0.0
0.0590147986685891,0.09433953310115012,0.0014218137638735162,32.68078386427473,0.23593187455147835,89190919.9756473,0.0
0.07936413858886113,0.1083498858466121,0.0004458809273414399,23.426545856059537,0.11336979835465757,63833874.37550999,0.0
0.047715323380555605,0.08407707773169376,0.00842538229398637,23.67727050647639,0.1725141792182852,56222729.3659334,0.0
0.04272322357446625,0.07016149966424491,0.007665959447120516,27.047192653211262,0.1293553343251426,72451636.20678908,0.0
0.037758847167269516,0.10243755325159637,0.00947565126324043,30.34396160697146,0.16251462605963643,65052208.66067809,0.0
0.06259093528889047,0.11172056494733688,0.004879001952793018,13.492641411650066,0.10729109691845819,68087493.69915451,0.0
0.03833560109885832,0.1476630163618099,0.0019225791846809192,33.356737877187385,0.21557026066967008,55826792.0060028,0.0
0.02327979149375634,0.17470110689778692,0.009101961241446964,31.66275733832564,0.0921400718583725,64934353.825659364,0.0
0.026635526455659513,0.060942947851125126,0.007136073662634716,25.16762351194294,0.2127851434775797,62731968.04444775,0.0
0.051353985983901916,0.0915659177871903,0.003472884743056978,29.490586620611737,0.15485844256798184,59211983.73432027,0.0
0.039494582413750166,0.14327245068056094,0.009406901877232319,19.371725160997073,0.18590623086598973,85133518.8069707,0.0
0.07025891537186803,0.15487996787028066,7.463140417219406e-05,38.899818121117775,0.133626376991255,67395793.69035357,0.0
0.036637623224882496,0.11687680460224928,0.005356889704560298,26.400226713487022,0.1181737946469677,63327780.503895916,0.0
0.04833200657450569,0.1250710741583912,0.005464763610253764,29.111752354478767,0.12068295847565859,78148334.36910996,0.0
0.04786648602029855,0.11665875135188244,0.001971829819680663,20.532024931404397,0.11444561207857301,74012592.6867878,0.0
0.03852569530922927,0.08268177738352711,0.000800634025289656,24.710247291186413,0.13946305459521985,63290196.99344269,0.0
0.04573290105488556,0.09446391355674066,0.008747660625539935,25.727136087028796,0.12687151607120983,61624878.37882503,0.0
0.07156200953453265,0.07686168398310217,0.006410861035821594,20.52286019537479,0.17892151758319455,55693352.81434374,0.0
0.06744066467233774,0.07371397151397505,0.0008857833963664408,19.50477624222564,0.1593703705782706,61964869.81308071,0.0
2.799732434638239,5.206963591727458,0.713448782932212,86.98175102478191,2.0371777308288137,409781254.2466917,5.0
0.056052658456386496,0.12613503726268732,0.0055725183331841064,18.263730412093253,0.20735331354639377,54717510.76000662,0.0
0.03952570905685672,0.06578638162312836,0.007569268451270138,25.73649000194542,0.21061655261392837,63461541.75682028,0.0
0.06476091098451489,0.10126327195443219,0.008160567571143236,31.167030381763347,0.0839102929058604,88106990.91056597,0.0
0.03208073698007605,0.09724916229575856,0.004528248052843268,34.094492661001624,0.18978232942966486,63924342.91018074,0.0
0.04584974887345661,0.0832450741139249,0.0010840037271662272,17.159278432899747,0.11472156942931303,63564711.551608324,0.0
0.03599674684261808,0.12646592026135034,0.00039922532563751225,11.304298969312637,0.1684431212918574,81759489.2841197,0.0
0.0639856176129705,0.04380272337450007,0.001519801824740512,30.838709627638895,0.14265838711934137,49043257.527048424,0.0
0.04984077840507134,0.028852515018050293,0.0038797275439788636,16.348686347578273,0.19706133015151062,61364243.65774742,0.0
0.0421397639885498,0.11672273339412902,0.0024828747963084596,19.314835584262564,0.06959133381735748,78149749.2069314,0.0
0.014622861200135891,0.12356497033416954,0.005581711838904407,35.17936767590896,0.18104914018896423,69884377.80142574,0.0
0.04266484146911881,0.09088622271193443,0.007817798259287263,31.140151048040675,0.1785306500318617,69468984.99853784,0.0
0.06190057705241375,0.16562277761771657,0.000727362617771965,20.176051311851573,0.10381462645084621,62175451.50219475,0.0
0.06918330942383136,0.12983532375986323,0.006393748005427755,22.610800746481043,0.10857583775818422,81305014.53056732,0.0
0.05272571529459072,0.10849835334878553,0.003027751282719672,18.8021885695988,0.14920326414801074,63217771.021810986,0.0
0.06452611934098197,0.10844579671117423,0.0040226041368354205,29.985296782268207,0.13254947871279885,54631862.81990003,0.0
0.044679490584773454,0.1793503007233803,0.0002784105126258629,27.045324691670285,0.1349956402022574,73649429.63140036,0.0
0.04996895147105346,0.1569619883173118,0.002040876611557603,22.555569404781544,0.1573197779858104,69395879.67928796,0.0
0.0679432547919092,0.08757666045064615,0.00411144336479987,28.857008974518834,0.13208489420272165,57334441.18147518,0.0
5.623218768045891,5.076944024189297,0.5356302928473348,98.20799032582475,0.8979139913886278,362958058.2100401,5.0
0.04890482758156831,0.11922023572857003,0.002331875544216163,25.192775843921588,0.17899317493943326,71091289.41859674,0.0
0.012722768980060424,0.23350825393581567,0.0008540248429087382,25.115403294752102,0.13253940546937826,60638987.20110395,0.0
0.05102567583148412,0.08251312121228328,0.009413343927869017,39.121652955015236,0.20934975640814826,62850016.97303705,0.0
0.037693119243529555,0.16691613681266218,0.0015452082999051898,28.420816043044773,0.17670192321479983,70521749.32691467,0.0
0.0815962860950891,0.13125576239687334,0.009322668839209722,28.07983503023419,0.14176640560314624,71898264.18931147,0.0
0.0628054545834057,0.10378935232701103,0.008793930568071954,11.9093340065386,0.1957359242859821,57063234.87346257,0.0
0.05779160512683329,0.08320415309262294,0.009968492842814399,18.494453668043274,0.17368455601139673,54904343.94311677,0.0
0.03489764063634197,0.11320058038075181,0.0012680179912676005,23.303444064309204,0.18321992535943807,68271818.90941077,0.0
0.012699148295944276,0.09516956491503586,0.008501327346850369,18.652673669935936,0.16027989782343322,74616081.47388935,0.0
0.06950147298451644,0.05455904051066027,0.0033850687942547286,25.675951704936928,0.19125522101109324,54607761.70407343,0.0
0.009556013466872425,0.13790248513766515,0.003855525014916693,23.163980328941257,0.1660067842080199,72042684.73370482,0.0
0.062142342217725306,0.14223963105732293,0.003418490419172582,21.143998502253545,0.09497463644854552,52277329.2610799,0.0
0.02166156530694559,0.08861752204396771,0.003050996868195266,32.01004662959561,0.21358092144415447,68136392.35652356,0.0
3.3405348153132293,3.423865793688824,0.31313299315111476,148.1455682897355,1.5794711812428353,288057470.4475215,3.0
0.0350606436158123,0.11197132395761902,0.009607463027713554,19.484078093834533,0.13383371362082788,64607779.333499305,0.0
0.031386545069376035,0.08788740126450076,0.009447073816724817,30.98455474380676,0.15050087457319145,74590475.86037728,0.0
0.050356688572676195,0.07171336423238742,0.0030767908947794856,25.808492633523766,0.12433091425391482,51939783.34098634,0.0
0.04918532288655508,0.14849531167413932,0.002661013685373086,23.360967700617387,0.1854102528346384,79504880.29093334,0.0
0.0401947903770852,0.12343236388386306,0.004173829418004733,31.960193757935457,0.14013715782961703,68502552.47599378,0.0
0.03240417236728836,0.059596764492329105,0.006427774134799279,25.341857829838293,0.1161400878852437,68865009.49942863,0.0
0.029658111522023918,0.15449073899653265,0.009597457214619692,24.77438554837974,0.11140426799254463,56236819.56698765,0.0
0.04924931807319213,0.16338544022545465,0.0005233285730066284,24.974466839863876,0.10769941318826273,67475533.38589013,0.0
0.032872595956602184,0.15335937658816304,0.009658323197183327,17.94471584466959,0.15488972018188266,58649514.696508266,0.0
0.06781974077883676,0.0976601045715027,0.007804711383801549,35.45547136366238,0.14486406936329563,66430933.83643559,0.0
0.0544251826389642,0.15526297914429227,0.002017949482524569,26.15803737084046,0.13756249934595624,66236371.360234804,0.0
0.06868819223261087,0.06501933467760251,0.0031030848210454754,17.44979394007374,0.1263442108064781,80639505.58566226,0.0
0.03411384280269801,0.09253333321553037,0.007253263907358781,32.50137304500494,0.23397630082010037,72072135.3350002,0.0
0.032596794689402096,0.10037873271034414,0.00039417585120362974,26.283753993308938,0.17315639272276537,52721618.227077775,0.0
0.04357056701419572,0.18413949652177208,0.00628734015059993,27.603780601793556,0.1366605487612122,73529819.08881421,0.0
0.03403604940087121,0.06579835953976886,0.003094625764461824,34.764586912447555,0.18110384247169087,69154769.50400485,0.0
0.05932713480751857,0.1415952082351844,0.007800480870400435,27.583222229679837,0.15568177915322182,60369168.8202128,0.0
0.044880410380250736,0.05538342482166671,0.009269075621458641,26.476162875203016,0.18567452088642994,48674889.487250894,0.0
0.05583572036741657,0.19577696237323108,0.004852667423426216,24.557278927084937,0.17042141513804945,64765504.28273633,0.0
0.053824758097268645,0.11066716847679547,0.00966274297748186,23.616641141404273,0.23498224919316055,63123224.28823737,0.0
0.04431620975466753,0.09872436587634636,0.006331786748957723,19.98280548250248,0.1674379051886189,71118935.84082451,0.0
1.948475187290619,4.959912846178681,0.20859979087567374,23.284834545663266,0.9956590183978755,357635074.50159156,2.0
0.03835076623212735,0.12810060728839504,0.006974316172371925,21.735249220839595,0.059768346756210095,83052663.75658223,0.0
0.028555873696571973,0.1605675922734564,0.009364933313102257,19.090090019658906,0.1477284561645489,72862530.1699988,0.0
0.054090149270184594,0.11354161248204526,0.0008144721289115919,20.69345210151446,0.15008926488649607,68832609.0901214,0.0
0.03696054832328928,0.09079869340779462,0.001444364841550776,17.142900008308498,0.11045883968536398,61326792.60481089,0.0
0.05233780695221495,0.09483116919927849,0.0018690729645011817,25.160925435184197,0.1171868615547013,69007241.28752449,0.0
0.04601783265791105,0.05589112134778908,0.008410961706161015,22.85182510736246,0.20680739755127794,63649233.70269651,0.0
0.034079955881562984,0.1075164403037045,0.004652775312759233,20.547155947044928,0.18069229450409946,62456598.70656157,0.0
0.027451247464345678,0.07490923338877617,0.0006489927953840946,37.64963874625976,0.07181627982066897,64065010.38136874,0.0
0.033648073671458084,0.15714798377055966,0.009859341686249178,27.304124327019327,0.11087907905909727,75213430.88821627,0.0
0.05369449759820363,0.10139909070242747,0.006475197955701632,30.58340637533761,0.1618373296138438,74945010.37545311,0.0
0.05687494040944403,0.09898517519914532,0.0013128797200482423,19.96044152285897,0.06519651139519302,66198466.47163778,0.0
0.01398836849940185,0.13722065967974797,0.009718453013254847,31.954861790007,0.14746440591860757,71771470.66152494,0.0
0.05432714943325795,0.08470058605733272,0.003552839742369226,24.52444176149617,0.15952685224558513,71676124.41719702,0.0
0.0485818373853977,0.12326803309968279,0.0016456605842933491,18.572044996219862,0.16509053037368904,75752811.04070307,0.0
0.027186023714557306,0.10307534806537119,0.00427541855359712,27.894643242856173,0.11934589562939935,60609352.25007488,0.0
0.03894527305137005,0.1758054837112219,0.004057144241809477,30.415726063303673,0.12034007000349099,66496752.03996526,0.0
0.06680301115735975,0.16213595530090857,0.005973123783307118,27.141710253303625,0.16257354732525722,70395761.43217695,0.0
0.04394251832911363,0.16796876503988498,0.007831600290279028,23.033088511276716,0.16920254471616414,69755662.26638716,0.0
0.021650562397141443,0.09814791136003714,0.006389630219732846,27.395015716963794,0.13648488898104771,65990841.10319898,0.0
0.058731031765531114,0.1453783525396799,0.007415661084668296,26.19813759119499,0.11701551960939913,80005482.51419207,0.0
0.03611303611270658,0.07897181862971758,0.008179634943491536,29.95595556463333,0.20124954614091922,63564103.17965125,0.0
4.169667615789198,5.738937987848619,0.18668770862861173,2.390068909302765,2.2254524718355966,453860404.6365732,1.0
0.029471365163709386,0.1250185963569788,0.0034302671259002437,24.60045773668725,0.1306393150551166,71444308.55949712,0.0
0.04352117801573607,0.07801058650721421,0.0008877326695623267,22.360029891171934,0.1809609109628421,46201184.229613066,0.0
0.060464992837439266,0.09915185470847777,0.00600945484537719,24.048795777933922,0.14411441980743572,74985510.79693277,0.0
0.036732214255072,0.13994161250195264,0.003594238268308171,17.83134987594886,0.13189239405961867,76522587.85929142,0.0
0.022452855703228407,0.1092031024040463,0.005059258001463939,29.04797217985943,0.17165285176033113,69932327.22780202,0.0
0.07128405665135434,0.15489005707130327,0.006317224183265841,25.204623743644614,0.08379101151242267,81171987.50515704,0.0
0.01699102211112378,0.14746115007643085,0.006666856518925131,21.25414136698379,0.09308492368753782,64510821.40639289,0.0
0.08194863168727928,0.08710339146118973,0.0035164987234190537,24.544620698234866,0.15979828372688015,54276188.913402185,0.0
0.030495357853061802,0.09875971877499885,0.0037831560716525946,27.52778926607504,0.1471665260833564,46488244.24954106,0.0
0.059458186751923645,0.12254381835152695,0.005135178667417701,22.41692900619946,0.14903483558180106,62682183.71435151,0.0
0.05358874172034238,0.1300565116541053,0.004458866198598079,25.14387782040499,0.16372634216789667,78127075.46887816,0.0
0.049150361989950285,0.09838218365979774,0.0011938101133819679,13.07846605607127,0.140041053788773,68767086.84235692,0.0
0.02496983461934848,0.10942840751785475,0.006555099718461126,25.46761748219305,0.14902854017319897,74791350.70089991,0.0
0.03215874261136699,0.05281143953308201,0.002734745153749798,30.45902669537323,0.0766517692948226,54615842.10504267,0.0
0.040933145984361465,0.07899209784388533,0.005300523392123808,18.38826282658352,0.18119314563020197,62068739.682842895,0.0
0.031379638867181835,0.11411496634953236,0.009556494672664893,27.37794217964291,0.15642599761412465,71894448.14557678,0.0
0.05957356426431533,0.1786072351671638,0.005820701311242236,24.047769070353915,0.17817344839416316,62101099.67097248,0.0
0.06285969412179512,0.15705549854593576,0.004889509264384521,26.688830495273006,0.15030240721576532,77061239.31394073,0.0
0.015718683007162473,0.1736701795453714,0.0009949466887296465,16.286140130594795,0.12998955933653297,72996182.37248622,0.0
0.045925197747719575,0.11775355435489132,0.008885992804371525,27.24913606863255,0.13896640160414173,66365876.03654049,0.0
0.06087636730274382,0.1443438215148022,0.003860509356518358,21.85928130415411,0.20742283972654493,56291753.399112865,0.0
0.06716295121582892,0.19164017685018453,0.007171814470467577,22.281965519534737,0.11797638630607578,51256882.239664435,0.0
0.035857316967610756,0.09426437887613166,0.004663745945045486,22.04490772133284,0.19041517253133053,76390538.06232831,0.0
0.061372602778836924,0.11178828005149051,0.00751798163586933,27.431549966751106,0.16596176562586104,70200045.80493866,0.0
0.07278417276763406,0.13738447281327826,0.003425910828111318,27.139071975764516,0.13225572679170455,65622670.132203385,0.0
0.025795434019936583,0.13034685710614832,0.009407508592344611,22.15150518537134,0.16869008860731158,52245117.31613402,0.0
0.024777218668414303,0.12293393197752762,0.0062605470898080134,27.51249848064645,0.14301408217273487,63289174.90646385,0.0
0.029975699851576266,0.13778940238861062,0.0012037814950553382,15.26328762929593,0.13406218900042532,59909626.13015228,0.0
0.04027096133039482,0.1459288520897044,0.006171942271169667,20.71825740859398,0.07823425955205597,54982978.9016784,0.0
0.04794832164767362,0.07102428388193203,0.0005700238755193399,26.051835567704433,0.1119723722633898,75891355.18314075,0.0
0.062371663102501015,0.1696861051579773,0.006235053112473373,35.42356460615508,0.1327417742176046,68069158.78281568,0.0
0.049346622853446195,0.12265843437706306,0.002608492459620889,21.822294505922216,0.18565375606420986,68678432.11696614,0.0
0.05805101596033131,0.07494927509955124,0.0038938977966687352,31.51295198393116,0.2223052322268274,49816541.96879807,0.0
0.037159154692214404,0.0543206552885344,0.00646407375228089,24.706397864476855,0.16340217407648686,62384318.319332205,0.0
0.03398112634802926,0.16037566201609238,0.006842090751884866,21.833636476448635,0.17717175279929398,77271054.44839104,0.0
0.03047483317704547,0.1250255777776806,0.008178220735661906,23.209602769103405,0.14849251517031048,70848168.65399882,0.0
0.04865530817237868,0.14045445431653694,0.004685569945911346,25.41493709406255,0.22669036593704492,70596870.07140033,0.0
0.061412872777064226,0.08041890476359295,0.002387517710860241,36.15749455513874,0.13553104655626452,70515427.53526609,0.0
0.025193150803735853,0.1196744887601485,0.004271050453603432,23.612431905698834,0.14075761852636404,57916033.34956739,0.0
0.05212047349319929,0.1357928861761478,0.007563100969802941,23.87368678754323,0.19515389950197556,67187677.9465578,0.0
0.05279019771361758,0.13528584931067283,0.001336956543994362,37.48707563209927,0.106570091568738,70567956.58112213,0.0
0.037225946725895284,0.15018377153339657,0.0016169455327398686,25.746709555299404,0.11086980247758091,70015743.31803659,0.0
0.05015427434352692,0.15941175877702587,0.003821234944599732,15.964793025340919,0.12662396093615874,78834831.93671888,0.0
0.03704248278584209,0.08092164460179693,0.00281825003295472,25.145952519677838,0.121948417168338,58032240.952254936,0.0
0.03428472872960448,0.09132597490974757,0.002059800358769617,24.89377610361879,0.1805685281335542,72758363.2856353,0.0
0.054486116085832814,0.12911547921667446,0.00360059901930726,31.10647472842574,0.1470856924463578,57049209.00486809,0.0
0.06942594934692807,0.11063256181854222,0.00333299859870525,27.908908853141813,0.16329489332895938,65302056.076962054,0.0
0.04687836753971861,0.09525876012044278,0.008561536219946602,32.756226332138645,0.14414077317087354,67939457.4030844,0.0
0.06278556231994495,0.12758187413916167,0.0010580502485651423,32.17154834676038,0.1587487306456595,66310898.69115594,0.0
0.046834462545484255,0.17773183130133724,0.0009072088274783086,21.1920606748189,0.10768653525559062,62354089.26777676,0.0
0.05227099225941712,0.17241010891128694,0.004303431736890725,22.8550964131379,0.12173323583707438,75262006.65442885,0.0
0.05889266321297462,0.09473918563319612,0.004049685873761885,30.516087860268293,0.1633087731834075,68181995.15325701,0.0
0.04130906267805077,0.1617457307895745,0.004707009994910616,28.659490346171907,0.1826986850679349,79012839.09040621,0.0
0.08580253749884428,0.1042433757302006,0.004734356593750214,23.07771560511454,0.18332717725080727,74588990.62796488,0.0
0.02135411764523626,0.02,0.005884312404534523,17.275320389233,0.15916379326585517,61885514.63772455,0.0
0.06560487817744437,0.13274491036191313,0.0027068360430173113,20.30422215114659,0.08819774370374259,79454453.03846975,0.0
0.04138145913215505,0.1008105921776223,0.0025715235110909587,32.08205895850146,0.14433165113192703,68281770.56663673,0.0
0.02902329505386941,0.06201818773127791,0.006374024812092216,26.867668417058844,0.1370436458713631,66771602.24223025,0.0
0.06222668563795132,0.042411340622607735,0.0002103690246046863,19.626694802835686,0.1001979510598402,57810116.43616538,0.0
0.048895837525822224,0.1593523675954676,0.007331603781367996,18.861600177719716,0.15840033232090356,61982710.9562273,0.0
0.023278734877540137,0.08854255830869051,0.002035348738868964,30.05137293418008,0.2025512870628723,73663370.97467388,0.0
0.0684226679509028,0.1125916556324088,0.0005122429640431325,30.636750446777427,0.1919246703707662,67840392.49384375,0.0
5.0568686264364455,8.480892547032205,0.6379573808103925,71.63162384169286,1.7237791045197564,220457498.1807615,5.0
0.035616559477357056,0.16220980807913857,0.006280304645695371,29.49179784173493,0.12925448010061696,54583079.99578566,0.0
5.749197718449979,5.460696291178163,0.19826592012560054,19.415773650336813,2.061276518453859,371628358.43777096,1.0
0.06260210786227988,0.11150615531157883,0.009747600813361953,21.16838737609287,0.17245890519304533,55277005.746940464,0.0
0.03116752013733562,0.15388646311865015,0.0041111341699484865,24.566494319258958,0.14287906839744646,72796088.32162239,0.0
0.04271295245429184,0.13827498910768776,0.009059116712346476,19.11119271004321,0.11115751883569067,77315480.42295621,0.0
0.057986327912551816,0.12853836192679752,0.00036712943483066643,28.193385699401503,0.19086499057599793,68520084.06361787,0.0
0.0357989600468859,0.15526053906183196,0.0013605623443164294,27.764526142997408,0.15325108670364274,73597851.71246766,0.0
0.06241240181067779,0.10003770217552117,0.004511300697978414,25.32252986431286,0.18125988957842526,71719027.50433272,0.0
0.054724206507657885,0.08415899931897672,0.0008325765805063212,22.894005916935434,0.1630868221151116,56478176.63370301,0.0
0.057381245234820445,0.15088165718131932,0.009636851886870492,20.30016085424967,0.1570593673465181,69559753.76965061,0.0
0.046111421706296625,0.1401321755637298,0.0054971725516331105,26.833732039461285,0.1278972261552459,66054027.602856584,0.0
0.05341379171911858,0.08523244551463172,0.007722675568375058,18.648189768374568,0.21129521530350487,66639970.45299346,0.0
0.026854578857383387,0.14727721513668662,0.0057977144176247965,23.014423342160736,0.1632832584566724,80669230.48322727,0.0
0.053206460717550565,0.10904296893168959,0.005592181317684582,26.95183097197688,0.05484015836987102,68012820.86324964,0.0
0.027251122310013372,0.10971115683175361,0.006971662542903504,26.6917872096798,0.0672649713827587,69865729.90401842,0.0
0.03639506989679646,0.08451364166976116,0.004463263599865612,29.87856688834625,0.2110725065430906,34205385.870072365,0.0
0.04536765261388414,0.13216867692384177,0.007653162995253863,20.24407814806022,0.1975690584502314,72006444.4128952,0.0
0.01442813197233219,0.09328498635374964,0.005711991839629137,16.910996930923314,0.19160231563173558,58499185.79239114,0.0
0.05640621984216446,0.11344348435577688,0.0010015499750676694,23.424590360455383,0.18786308014293546,79743342.79314265,0.0
0.03214263665375576,0.14104223621251902,0.0034000438605989213,30.108114920365196,0.15312029673915428,69931628.82050131,0.0
0.046793705526212294,0.08833849687521818,0.00021981814809622914,26.845082189125836,0.1664153310714757,62939468.37203443,0.0
0.05207202535703993,0.22448406509111934,0.009533071675823726,21.01967931139683,0.1797834559389252,76810974.09521665,0.0
0.04623425983913136,0.09926754155217812,0.005727702766869458,20.91922505485978,0.08499514964469901,72882404.91586316,0.0
0.035979485340731795,0.1166939449945299,0.004549568797277371,27.192896454605027,0.17501273336086012,82943411.18788427,0.0
0.026226908637143338,0.08132980224281179,0.00028121506277923756,24.2108124507987,0.18163037248930117,74537622.99212371,0.0
0.06108761005964703,0.08835760985923999,0.007405095212183186,20.580655524296354,0.13845868397272815,62692409.90670847,0.0
0.043071937328416035,0.09498617630533487,0.003467187612359112,28.43283873376588,0.16689299189799497,61295919.32813341,0.0
0.04699454511220314,0.1182885985784063,0.0016361620413827627,24.079838004004987,0.16124768071641102,71339784.82520598,0.0
0.025755116637171456,0.1895546599730783,0.0024581858702257464,24.36740551523025,0.03227433738113067,72300240.71633393,0.0
0.05849399813149876,0.13490605221675625,0.007577765603751579,18.645241394538587,0.15821822748145212,57059664.253445424,0.0
0.03485411546911095,0.09064949705434691,0.009993503004722001,29.551078918323725,0.21400391387281914,61598928.732626155,0.0
0.04552895327957593,0.07265653999547628,0.008911400917935094,24.178790074839842,0.06940395069973566,62402107.227139756,0.0
0.04237560364956887,0.1277801449530299,0.008022736971474778,18.869103210936583,0.15951318163033343,58127446.73418777,0.0
0.019605647787069216,0.1471304422912174,0.004852906340617154,23.85997136595141,0.2152051985949764,66323614.59771671,0.0
0.047750130086075274,0.07979220876944704,0.002827654570600986,22.511637382854804,0.18271926177815445,77134738.79562396,0.0
0.04542477564195692,0.1417724496607117,0.0010187876413955655,27.671039311873372,0.13748654107793912,76016027.61108263,0.0
0.07632562057171091,0.10552380633024244,0.0024545446253893045,15.981247579537518,0.15968282681151869,72724520.07902813,0.0
0.051060762852218076,0.12746527975805286,0.0022697853947152105,28.222977162075882,0.2115678880069963,77194059.60758755,0.0
0.030141955123039674,0.18301789135287988,0.008050973120411349,24.71479416573529,0.14853679840492617,71608422.89233853,0.0
2.1069368088362146,6.974782639797088,0.2552729821181646,68.91518157212144,1.4115237170920159,316727723.9289247,5.0
0.05976483597714875,0.17439561472501708,0.0018410132336095697,17.611937965402777,0.09827510998380118,65447301.961540036,0.0
0.029962059530432867,0.13272711589187386,0.0008670656759564022,17.81873067535941,0.08115689916158121,56626753.783314995,0.0
0.04948129362548529,0.09215550262206912,0.0012613765801615206,25.105463739252937,0.10674346477042851,63459378.277240664,0.0
0.03713219600580339,0.11814077714438591,0.003102352837447048,20.008466123544725,0.10223253394352622,68621372.3960902,0.0
0.066704668265306,0.13749524433091298,0.0018424865157267423,21.190876641705756,0.07752042649751782,52689430.58645205,0.0
0.05105595135504914,0.19436699910559366,0.004744531798445233,27.940383375839158,0.13790922431669894,64938190.784452066,0.0
0.10279097235982082,0.141111560087882,0.005324709078838974,17.485646956588052,0.14008479523685347,57896608.91554754,0.0
0.03653628602013917,0.11741094977419676,0.002775228049023926,13.247720736878195,0.09227196824856823,59930374.947878145,0.0
0.04841189901906194,0.09568504041188296,0.0029191117349780726,22.79075536379588,0.11338091883638829,60343285.28129623,0.0
5.844249166485433,9.901731790809922,0.2999359169204188,131.7522638179411,2.4492495152557625,522560858.78719693,2.0
0.04755624333563231,0.15282704381287293,0.003011755869973588,26.00349347144439,0.13753296456939063,65215365.32667739,0.0
0.03305961214794766,0.13164126286134692,0.007254681684501628,24.253192521751792,0.18920016944535575,69932481.42805941,0.0
0.051996449736502894,0.09490443478052223,0.004981892991739792,25.901474402517223,0.10184345404134479,53878113.469877705,0.0
0.06588003429516899,0.12491259544468164,0.006131162390692415,20.466757274228534,0.145313119801025,55432061.86450775,0.0
0.04704802996624106,0.1318308218385598,0.00803170511632731,18.00159247633657,0.1667620293901384,67735374.25703052,0.0
0.03163211661877069,0.11446461544696879,0.005873698685755769,15.329561272702115,0.17778676496474338,57992872.993931584,0.0
0.043549303321944115,0.08018100153513141,0.007950115369284704,26.996140964696636,0.19684407886678237,70421370.02608754,0.0
0.055070101146756985,0.15700789068823787,0.007284939338474402,23.5110192188802,0.07230009236152919,71711697.20589007,0.0
0.06100012034383731,0.1055450762249798,0.00676820043630047,36.459556334093435,0.130777023471901,62097668.45226823,0.0
0.05449397726633266,0.1417948928365094,0.004943708110457581,27.192063497483225,0.13550003988471726,60998683.191218086,0.0
0.038048734607813064,0.18063802498197823,0.006455343564105223,26.116404566276852,0.1942684169714927,48721214.30810134,0.0
0.046895693693196176,0.16407316339253797,0.008453299756887267,28.537288554321904,0.13304665847174066,74914743.24675283,0.0
0.028451874514174753,0.09937549218737428,0.0008613577154903629,26.659592238539435,0.10457456380968683,57277969.66584688,0.0
0.06879025224218027,0.11368629113831571,0.0031553318066313554,21.230689431545194,0.1258950278154177,65280100.21873229,0.0
0.04219692533757961,0.09135499669202994,0.0018659009687316752,24.427638141005687,0.05459545205227853,58471861.17103168,0.0
0.04504569030230122,0.2203941069483369,0.003723070985730478,23.277613956237737,0.12030687948493712,60454842.31933949,0.0
0.03760498598011751,0.136176043312868,0.007008656972438799,24.482065732971098,0.15487377856529816,63809195.60750185,0.0
0.03075901666752085,0.0969757906151752,0.006501871664456533,25.900355188479907,0.12763344659763165,68078559.72686419,0.0
0.030155927696121285,0.13470330716581444,0.005448010852760984,31.13517298524436,0.17813968592900098,70619618.57906134,0.0
0.04351236204330926,0.07912771570562227,0.007374314414271221,26.50936690360506,0.08920428801524061,57916298.8305117,0.0
0.02226383827504152,0.09184894841190026,0.0021171437214797086,25.662485717478226,0.1769877991123448,72992548.87432952,0.0
0.03744786518825701,0.10279273350287833,0.0005126345917599817,24.699812291557176,0.19842698210168788,56936358.67601901,0.0
0.040789873846998385,0.18363216728952386,0.00765148849861264,37.492152418607475,0.09167147544724998,69743076.51539584,0.0
0.0763858091352819,0.11365715393736639,0.00879837747941468,26.4922590699072,0.13238901452596785,61766356.91346012,0.0
0.043925981108789036,0.17307379193387507,0.007104218150124118,26.650568952354718,0.20815360948487538,69556095.47397028,0.0
0.050736146192760755,0.1395348830081477,0.007814620887547093,20.64636114178129,0.13043375299263135,59049260.91147045,0.0
0.05563505636382768,0.14384758286550317,0.009095644273803011,19.590428156434335,0.11863344566560668,70960947.87139927,0.0
0.06456510364317228,0.1279016533089114,0.0037265712989414724,31.873056337882772,0.2321805955761904,58985874.03082429,0.0
0.039184476600960236,0.14871204044143596,0.009117851123817714,23.68346096561042,0.1561612736673435,62564140.698207185,0.0
0.029602270508834093,0.14958052899145124,0.009916243429612281,23.182133525424856,0.17340085329151192,75041412.13556124,0.0
0.040356803410290146,0.04135887331053881,0.007677646177143377,29.185772431656922,0.14715518836678657,56106835.794150285,0.0
0.05638453830739901,0.10203752517349451,0.009698188646337848,21.941831316527203,0.17159058051313367,70144820.94676426,0.0
0.02390523804492249,0.08081588550658908,0.0036602826574651526,22.615617696780824,0.2140429722465757,67803984.675421,0.0
0.04614008087118617,0.13595664683097458,0.00258226813259983,18.395538587469193,0.21150205276137374,65232612.80643705,0.0
0.02713044754196027,0.12918964651506737,0.009772838231769294,23.36663376245478,0.0985654393088114,82101319.46500243,0.0
0.05315400231891648,0.15974670515140305,0.002042564679363964,20.895605387951566,0.11997118662028748,58459319.512487315,0.0
0.04168553739255504,0.10652423659004977,0.0016653851349727,23.26614211616644,0.2382587591953869,63752417.00825204,0.0
0.05512229238249906,0.13621509855413372,0.0057875647635999925,20.581404296544687,0.10290333979002844,69016476.06486975,0.0
0.029818434371097484,0.10539216152382204,0.0036667887970298144,27.464419859259348,0.21371856384109525,71911102.26462679,0.0
0.05251375781436571,0.1393016696333833,0.009095953911109443,24.45488290018268,0.09857603543788909,68660442.63987853,0.0
0.04168119564621342,0.08177427285486685,0.004638098246743763,39.67703103194234,0.17037181294568032,51849558.10062493,0.0
0.052516412549097675,0.12744589215501811,0.004202496018075419,24.86307839798128,0.135703398073172,56074168.03927199,0.0
0.030318544263265388,0.1102083941026458,0.0032073358231157123,10.50243060065759,0.21892298870584997,75435632.04567806,0.0
0.05077976069593255,0.1173482499712589,0.003220675351957297,29.208903873920065,0.2166241285474611,74972071.79014774,0.0
0.056400839455344035,0.16302251745039675,0.0011674790276879554,30.95630340815916,0.07746826111931365,71509399.26889068,0.0
0.07515306808149524,0.1131236695800166,0.001567604286516393,29.38357093193058,0.2033691677669076,52345258.84153174,0.0
0.055674223171333345,0.10877663310549829,0.0070109758736427,22.830632685104053,0.11790912664261918,75745811.38304013,0.0
0.04944180415596864,0.1190717559262829,0.007598236584283884,17.342323423781785,0.19086540855310433,75938270.791208,0.0
0.06599033154879003,0.11840707141445651,0.0070858354576782525,24.074511752893905,0.17491776121653232,61266524.93052667,0.0
0.03820157926009087,0.031371387017311,0.004086995622709339,25.89264584860239,0.172664085935709,69578629.39155222,0.0
0.07298661766717135,0.10333226942593693,9.43415267631087e-06,26.467687649843203,0.2191185534152706,65037562.94267534,0.0
0.04601277722115163,0.08149460184599067,0.004207365625686168,24.737474657306738,0.16579831881293228,65834205.59003391,0.0
0.03437389849634306,0.08792876783243031,0.008183606413952167,31.57037490762302,0.049166119737090605,55059866.28806164,0.0
0.04966875231815304,0.07358833098712865,0.00027106652336233105,34.7112279737815,0.17172129117158608,71982641.38891897,0.0
0.034940696863850325,0.05108769001543707,0.0025320116336997665,24.42001463839233,0.13531701415927266,65680923.33688023,0.0
0.005235452874104818,0.15004578908298327,0.0015636214164487505,26.199288729246483,0.1267175466362795,74130054.69568928,0.0
0.04902888418294885,0.08561937468679398,0.008939730574625047,23.882637473815304,0.18843728714433045,59168505.307361424,0.0
0.04177618454566897,0.10258502065651774,0.008032121232440933,23.20520807410293,0.21422711832329816,69622694.74647275,0.0
0.0498254670929402,0.13530596154636362,0.0011364603869671941,26.01679729999384,0.17374157729172762,68733416.62711973,0.0
0.03090180320508967,0.08980284825849078,0.0030490312438506352,23.342843143592486,0.06456800605060777,73265686.85441008,0.0
0.0488163126495182,0.09494840038112368,0.007940144502659627,16.030394434040183,0.1742915606040677,69013320.11448959,0.0
0.04103014750143066,0.11511938035116501,0.003936355202774421,21.442689029581476,0.1675660053480167,67277652.26857103,0.0
0.03152377992977463,0.18086148823291526,0.0032622050698093152,24.872529357074,0.14484490485244986,64862684.027500615,0.0
0.022821206313302377,0.07314879700968628,0.0024399530235247224,13.669739529253587,0.14768653550489624,66956742.939834155,0.0
0.05129298665860541,0.0862411771781433,0.0031151229901398604,19.339254296419966,0.2052055575547406,69807082.07347125,0.0
0.05508860551804097,0.09270514688224263,0.003653668415506528,24.82451766607703,0.22051918610149596,67914248.1135942,0.0
0.05261986990368815,0.15127941912861886,0.009437663822120143,21.960880536921877,0.19836040795603987,79679581.98948602,0.0
0.029064097077796804,0.1681773757506838,0.005381210100398132,20.009526861154825,0.1439812743402007,62237254.64182944,0.0
0.07713405537917795,0.11775341380120258,0.0023647491223869454,23.557124414229495,0.1268406312024038,64813509.23843415,0.0
0.037240673248494414,0.18839551018126002,0.003267388905686336,26.509804500858824,0.1334033488751869,61190382.73115633,0.0
0.04752982007950091,0.09822878180559665,0.008985969105689702,23.047956308597644,0.14882593191537222,69187949.30313191,0.0
0.044945961913641475,0.02383733050461677,0.0034222552477890457,19.045417470131365,0.15430797796426474,66155441.30175781,0.0
0.03917734772188157,0.1264648666173379,0.0015478603484611198,30.531157794299844,0.13259691033694734,64253881.10256462,0.0
0.034307313259842535,0.08866287871729414,0.002251610242159319,27.23490858504926,0.2629688170558081,64574690.344884664,0.0
0.020887751481581587,0.10165690607228925,0.004826012356615207,33.522960466486886,0.12988524985316177,63458655.61773569,0.0
0.06770174614863196,0.14942570687453421,0.004607121713482755,17.52229231750898,0.2763108513217719,78012974.31245078,0.0
0.04084780050166619,0.14921629642137088,0.0017397739952180358,19.860381174946305,0.12535715138654704,82783206.11808744,0.0
0.03580816964273421,0.12886078333132933,0.00500619532333931,26.687410373631995,0.06710579273216007,79820273.4885894,0.0
0.07133011263664807,0.147262777622924,0.009099301581597186,25.215204354251938,0.11586402103843554,77446385.59633258,0.0
0.057347558759428714,0.15415358517706482,0.009764565294354101,21.994367236655766,0.1143382604058198,66119166.84592779,0.0
0.023672839998872344,0.138620216958768,0.007806820746878623,30.241999439067705,0.09011070422063307,57643648.87693589,0.0
0.04544634209243618,0.16651266618373933,0.009111205013919576,21.366290475589903,0.19123677353467627,78970600.11880837,0.0
0.055784299659976,0.08409865607259029,0.006282065970930439,26.423772966927842,0.14332741037206426,55263515.27225585,0.0
0.046938317729628413,0.1314757833455775,0.00841622007542774,20.69635418302331,0.1966237958057651,64596061.41281917,0.0
0.05035523228947571,0.12663971586636386,0.004556495494398774,27.093799800637484,0.12330666475134078,72339377.504237,0.0
0.0344981877759124,0.07081835536187486,0.006917776391419823,12.560889712188343,0.2233024496142405,62568118.081607,0.0
0.0339670508611535,0.11661817154947886,0.004189329779839461,26.268686483874166,0.23857319770226387,65667613.368861176,0.0
1.8514935993802029,3.5450904501445644,0.5460015627447596,6.516593207577978,1.0980706933074147,502210273.38545436,5.0
0.037053596943494416,0.09754814416719666,0.008844787275967592,15.53618911204974,0.12137948058059085,46242564.3342637,0.0
0.047570524217849554,0.1062923001402373,0.0033478904189067917,26.877279288136265,0.12051882555389211,69056652.67919867,0.0
0.04409008779278069,0.17084158609201627,0.005408270639715397,25.816801774579,0.09806696241324389,69991169.03237626,0.0
2.9947805678911066,3.845168468962905,0.5018184847937716,73.60809836181583,1.960465016589036,528161763.8397959,5.0
0.04602844462209041,0.0859258830103436,0.006737562297840898,21.833843016425114,0.1664781199624724,66560163.19117981,0.0
0.05886950524369153,0.10515172833106848,0.0073187273728650085,31.06064602116743,0.17566166579744047,82746903.05645482,0.0
0.07878653708016463,0.12715361610610418,0.005757924711223097,22.585080369635797,0.1653168684022905,66062652.26007215,0.0
0.05598960115823369,0.08668285389922176,0.009845758963761131,27.607246995297643,0.18325995467726647,67103759.680323385,0.0
0.060008734770644674,0.09577123847569362,0.0063378328474728764,21.288068147846328,0.16825423892530783,69536014.65858799,0.0
0.05924331203161985,0.11395193919112374,0.004074078813546854,22.274563850022048,0.18771754479588934,58813601.51364536,0.0
0.06036093788717194,0.19950074108979787,0.006181029655616969,23.1218316964133,0.20659362651302218,76626911.66303651,0.0
0.059450641938664825,0.12928768222898698,0.007281164373361664,24.150738211611348,0.16881931984516424,61644167.814673126,0.0
0.04756298157191913,0.1343416978585824,0.0011239702717601298,17.865867116093288,0.1424122602619037,85274574.57815154,0.0
0.04187816624464087,0.06406564768406883,0.006007921493396191,24.058987806135896,0.2190277517125908,73108703.32952267,0.0
0.023960920923004597,0.13577111945018885,0.006231378537478254,11.483259764463213,0.12800300670142617,76612539.35592456,0.0
0.032586146690269206,0.0876402559967665,0.0004778136468140537,24.793543191076694,0.2002478975765473,71481138.95569207,0.0
0.04111805905999346,0.1142482677940113,0.0023073459020705378,26.406152461093022,0.1803592678184045,63194580.39061003,0.0
0.06618330833123143,0.17078505033459676,0.0026804718737863777,30.855838163530734,0.11982807469571428,76332847.0341348,0.0
0.05368937249401633,0.12161009615386459,0.009701168864184323,21.671532675532266,0.16645430524605756,67886849.22354288,0.0
0.0438834985634993,0.12333704698044579,0.0026814322961192082,26.321273818036694,0.16299032958134166,69256155.93826568,0.0
0.04179016733661736,0.14988915917932782,0.0010565034544893072,26.288004286990645,0.15335490007043734,78019300.64430122,0.0
0.03422333668121346,0.11338078632280382,0.004255056592718428,31.89233677726904,0.11528098309886672,75878820.13699135,0.0
2.036848112708156,3.1391593608809627,0.3276926809583147,116.78291544486565,1.4539253895265953,278332509.8961352,5.0
0.07014655968412924,0.20273553731167765,0.00583105757279898,31.962279707415338,0.1906088356725722,55494685.06610732,0.0
0.047799136847345366,0.1329056601561132,0.004555667819901088,26.969366090823716,0.11214036816046287,64968198.851537906,0.0
0.03821540521126385,0.08722227688236414,0.009643532340359865,19.799006445222634,0.17229634227404741,58984634.33122627,0.0
3.308640841467044,8.757752132394302,0.5140988573482399,142.49500334256945,1.3925745273539638,247116659.79769966,5.0
0.027061754069472234,0.1340168485277215,0.001427856366678847,29.12051448427853,0.1669403149608815,70369073.39725299,0.0
0.005,0.11252901272273466,0.003960544774354667,25.275014680166873,0.10385174705478543,72249615.39595784,0.0
0.04042162943467999,0.10164431523080718,0.008018258998755152,32.27717241957662,0.15847516715315535,62897850.22688827,0.0
0.047397845879961,0.08516980313513171,0.003320007021176792,23.072533795438208,0.08021868445575783,61483940.27179472,0.0
0.03325120061495644,0.13373455885125685,0.0018641980485397459,18.251134653093843,0.11711337573242372,70325517.80524619,0.0
0.036695260419792264,0.05783176684855879,0.009881240759546354,26.02537669617315,0.1498370865151426,85197635.77152145,0.0
0.03348978655667925,0.0819961204890185,0.0006379455625359786,17.529811033551248,0.1170857639392627,77973848.41145316,0.0
0.05155407254619525,0.061599025939263155,0.002546637658899619,21.252920065215132,0.17107925565455012,74789924.82763198,0.0
0.034842574327318326,0.1512409068404758,0.003009663196316217,31.795947470820124,0.20396540420453718,67776425.62088074,0.0
0.04012752924737066,0.10615117508853075,0.00016969129315466458,21.68281921390256,0.15944172255297479,71347303.34544185,0.0
0.0695994679405709,0.1073986255935056,0.007395632481112681,31.029092103580215,0.13435901332537695,78003092.93037376,0.0
0.05071737577324167,0.04549430669548156,0.0019494276897015982,26.410171096046714,0.12253070417730594,72615201.3665217,0.0
0.04900575398803888,0.14189278058908625,0.000174982139873886,30.859050716369225,0.10432232723354753,60109630.840912245,0.0
0.04725628357715365,0.09957402357788983,0.006847251638810046,22.24706466499647,0.15263154594595849,77801429.39353302,0.0
0.05090228078132624,0.1462702708632618,0.0007069660818436618,28.581700402702054,0.159594910091389,68144178.73063923,0.0
0.06588697950096492,0.12362033452578372,0.005552958253281813,34.48943646329353,0.11413657837411234,72437689.79032025,0.0
3.2947647667789006,7.822065390978892,0.5843972304868428,75.434292638422,2.126097170637474,322911865.7696631,5.0
0.03530659035234295,0.09949253143387855,0.0024634824724230186,26.36118362663694,0.14591587764434244,42166964.06504588,0.0
0.040383326475704986,0.11591319294716636,0.006558207673273928,30.996497864607928,0.1956100221068482,80067933.4503735,0.0
5.530511456870519,9.519508570445215,0.6398386358169423,54.04295652705312,1.713243716235176,491805745.38045955,5.0
0.02780481910471968,0.10640177286859467,7.091812774370987e-05,23.3688314777932,0.16552743182618934,68337076.0998652,0.0
0.05436179725578233,0.05467110170237842,0.003096917111051891,23.30120496176238,0.12055745386125943,74044889.15227552,0.0
0.03345040153412037,0.09507391475383847,0.002388451604036069,30.560503096106693,0.1509354085863403,50405969.81735769,0.0
0.04986249528732663,0.19349026262082802,0.005756652529974197,20.945530318998753,0.09059255349200271,50507651.955642655,0.0
0.04111642539443884,0.1061319612664384,0.007828486179866576,26.993818822124073,0.17493369202699313,77366520.3180717,0.0
0.02281632646838807,0.1615357117062066,0.005934964158218515,26.928749840908473,0.16783355500916985,77374788.97216292,0.0
0.04470870591168401,0.11174105044761598,0.007610059829495554,27.30398621807984,0.14418602310744458,60152020.47306922,0.0
0.0734518947398092,0.11530022932347934,0.0076974662285708715,24.90102827739646,0.17436542076214054,70444489.1285005,0.0
0.04862943407349051,0.1423317885504265,0.005470453456155777,30.420991220217715,0.14183480924509134,72826826.30173844,0.0
2.4192039895508395,6.819020427218117,0.6145029000137574,75.2721384330777,2.2935552462795377,500588114.32235616,5.0
0.03276284572551842,0.16326457526321764,0.006484645569002371,27.25306524715694,0.16581494724742663,68002200.2550133,0.0
0.055443095472201276,0.19309549705044737,0.0031283419752422006,35.269093450432976,0.1717832960317451,62485765.89986526,0.0
0.005,0.09869935968661048,0.009956451766743493,24.0607029949564,0.19231204030167673,74742183.0499632,0.0
0.031096042926328754,0.08109897150720388,0.008374725196187746,24.986069446665493,0.18792571801888197,54477026.237984315,0.0
0.04459043190735102,0.08925869229870913,0.001356266160073134,25.152382069603146,0.15065496967725175,58771250.94215186,0.0
0.05649120417577035,0.10643050292570036,0.006640122280676023,21.90919775658186,0.15653338722710153,72752356.96715537,0.0
0.03909991781508959,0.2142561782393174,0.0014138355421634019,25.62943265288329,0.07271739365920162,74251008.20680669,0.0
0.03985968608879477,0.10951131731976245,0.004744349141471741,34.956852092084524,0.20142328937446718,57799605.1991954,0.0
0.05165729142219343,0.1648575328251319,0.0007489584200198374,26.365592171468222,0.1331457276891823,75289439.06558116,0.0
0.04749678312319584,0.031465397280699386,0.007032772277324516,28.622958893615614,0.1284808588471218,69240641.54878893,0.0
0.05001685184980537,0.1359159319249397,0.006459278930230393,18.94919528292921,0.19544765498570169,59551389.89752769,0.0
0.04531967473007913,0.11220477547281875,0.004063664052774615,26.76885315445695,0.1959236346558973,61262495.291953884,0.0
0.05720275826054504,0.11910489907328019,0.0054569596881302584,26.599825955725816,0.11398206154487892,78263987.65031423,0.0
0.06253943385668509,0.08756555919034412,0.0030158686987355153,34.337310020806754,0.07500431743809867,68035117.71195659,0.0
0.046628395586647844,0.11442232187489326,0.002961767655589985,11.740859684775256,0.14756601919988288,73763232.11966833,0.0
0.03594022219926269,0.09583106316893092,0.0034695895037758586,21.842814862584085,0.09807584385251368,68242804.49953705,0.0
0.04304785418448473,0.1113541004738901,0.0012611532237541056,26.83407021642721,0.06802102057321276,84111038.27417015,0.0
0.07326879458901914,0.12883990960988181,0.005962585752327021,29.640453054955405,0.15828557747114275,60455568.21573082,0.0
0.021237960854917654,0.13076644338662188,0.006928784276966522,22.833052166569235,0.11092217042472471,66958473.30211599,0.0
0.04352490559807875,0.13935640300483254,0.0014938163622643208,17.96511268948006,0.1648136106931538,67186265.62725773,0.0
0.05091678213567445,0.13748897886060268,0.0022438297979979547,21.732685521375963,0.17775293815436408,59350023.90285078,0.0
0.02653703525349067,0.05808234332888085,0.002040643885466006,17.96528299743415,0.20677822723191355,53053076.435639724,0.0
0.05699912852913075,0.13475411292377965,0.0036628638620652223,28.989876272909527,0.11047988727988237,63910813.842084475,0.0
0.0200771990659656,0.08431174814577594,0.005382201018684752,19.017210356916568,0.14437786057990273,70246724.22499278,0.0
0.037921022013158494,0.12078630624842161,0.004897858679882408,24.197903090123262,0.1319602393188276,71382973.55848907,0.0
0.056148961410340724,0.16936607008212262,0.0007527871665167363,20.54625568223868,0.2044067252331205,64140479.87361558,0.0
0.05750883231823356,0.1364243656432984,0.004490377603699617,19.283305044580697,0.1630797805308039,63389108.43475823,0.0
0.047857495196685994,0.1100545715724921,0.0060697311627426545,19.363681037229263,0.137994848526872,69465149.5517356,0.0
0.05452757702522954,0.08044757313358747,0.005347994662811924,22.355266186376504,0.06810251256916998,70748137.76569147,0.0
0.05271658251088123,0.15106793990558426,0.004193346804192884,15.475277729946805,0.16575900903457608,63714029.097549446,0.0
0.026787170808184015,0.16624564112955542,0.008992489182892026,28.535161798053924,0.10697053406233553,55198071.06077957,0.0
0.032351301070257125,0.07597461454318892,0.0004914839034517705,31.27259351190595,0.11346165681471108,50754516.280349016,0.0
0.05444443262885418,0.13707552997048758,0.009246417911286367,25.188482865619616,0.13004050976083553,78482183.51679781,0.0
0.053081339886695535,0.10393183914233528,0.0024346704406676013,35.71503527292455,0.12366469128238218,69882249.04688907,0.0
1.9626385278113427,6.788544396230257,0.5263946817139028,37.16187875563598,1.3517159698874242,317123269.89294446,3.0
0.04666383884564799,0.08782153929447517,0.0014119906353718492,22.51019076591079,0.20145528547982133,62651062.069119,0.0
0.04933040443919785,0.12970754616876365,0.006554359784406613,30.42611131830816,0.2096669543520723,72227886.2506447,0.0
0.044435479463627275,0.14095780363466687,0.0014551548278735915,23.41119552991302,0.13727365993528284,65631343.26000978,0.0
0.03697147182659148,0.16400022259019004,0.004745335626224407,24.469546823292898,0.09669286235899185,57689172.95344589,0.0
0.02631391831932018,0.08014084087767306,0.0021174586205241954,18.089912156537814,0.14263652531936322,52274320.21316906,0.0
0.050760981734089605,0.14445899470708873,0.005576886911854527,24.773728490178318,0.19414880054890385,70135102.60961908,0.0
0.041713492067867036,0.07166343888961788,0.003720435678122074,17.49761725418499,0.2542743665259908,60602606.27159363,0.0
0.022117122436128917,0.09938966106414562,0.00267997266884378,31.948820669731777,0.15728392983263448,65241770.18488218,0.0
0.054612642919005146,0.1803643827416388,0.004967434280059845,29.28487768491393,0.08762256883495098,66207551.005021706,0.0
0.053444538550358564,0.11049207113858812,0.005785418182035314,20.79089184065924,0.16332922139960088,51394987.012072966,0.0
0.07315193718837099,0.09111063145073656,0.00241601276435763,20.5324245374036,0.15605629584288075,66553823.9121363,0.0
0.049979704958535216,0.08549686669662607,0.004599419512939628,26.552363770903757,0.09594838389206262,63987762.224011034,0.0
0.020319018795646623,0.10147337606430701,0.0001401451752605698,13.096304472382513,0.05237183940899663,74991936.5800676,0.0
0.04036186384425205,0.2069816470837612,0.009365702180708393,38.55397149520266,0.19668870933217492,54437485.31750204,0.0
0.04933752965861727,0.12844626772208734,0.0005621390545987848,24.207311537917718,0.15316191208601115,70396202.29152341,0.0
0.06784544784612037,0.1329374767269333,0.0015987976336644138,25.942378805090513,0.13372102534506514,64395023.92928433,0.0
0.017456919403450552,0.07811239737507908,0.0019598018470176194,22.478509920936883,0.17141834989638532,63164073.136482306,0.0
0.054506653213981474,0.13719226828941986,0.007003478888665695,32.70220619888337,0.12452619142918442,83009532.08664185,0.0
0.056362615650709574,0.06024247148424686,0.007204567414627562,23.220129578070836,0.02,73427079.23784606,0.0
0.0539273553815537,0.09733603680276942,0.007663472131046524,29.324122192455057,0.17466655905884473,60145728.00399492,0.0
0.04148794564576229,0.1356700924033597,0.001675665393045065,23.698454793642814,0.17255151500027657,74750419.51360305,0.0
0.0552939028556177,0.11932588670929618,0.006233795659599071,31.57754145470052,0.16845088337271324,62289720.227051385,0.0
0.06706755491240413,0.08793040648026962,0.0024344261676541067,25.080623939502363,0.13936319703217792,71884408.97149785,0.0
0.041954319209355107,0.11179572698892873,0.0017046251158164205,22.409654902624716,0.24270547154695515,51657726.87912223,0.0
0.03427044436110047,0.14503834604044355,0.0019755590567847826,18.837843804179997,0.08944677995020585,67383789.19818953,0.0
0.04795291853803685,0.12342941037148134,0.008082682112162783,25.170147931733403,0.09115494378505927,70605848.70782731,0.0
0.05294706266872924,0.07477080567130334,0.005151670283865888,28.061661070012562,0.18240108954024464,68726706.40034443,0.0
0.052574809184706854,0.1260669582529643,0.007371324139566391,24.136854328545827,0.10746582000678725,58659900.07007129,0.0
0.06309763449762534,0.1074129614641638,0.0010466044034648115,24.68363020051542,0.19427098074497315,59998451.58423094,0.0
0.051803014522709696,0.08561970880108621,0.006225469904622817,29.50864348570137,0.09679094977434646,71434538.8868026,0.0
0.06357424607150453,0.14376259515207473,0.0035000686847317876,35.321100674262055,0.1527328851975927,66247785.35556345,0.0
0.028635503546772027,0.14326459608665884,0.007901313737261084,22.926847455929845,0.10737269208721734,76246341.88478419,0.0
0.02815916967656552,0.12152301340252131,0.006182850210137199,21.134851451986485,0.13305237132357295,59644305.03572497,0.0
0.06792702639618797,0.1592650249680665,0.009197925717794363,19.775818430484644,0.17587618093026264,76592408.64486364,0.0
0.039702505607839673,0.20790447930545483,0.009246586095822467,23.289256744363804,0.08371425659470781,80538253.58802329,0.0
4.976368904231674,6.7942476985428275,0.6740216637896512,65.98575157860321,1.220854392137052,285337690.23474133,3.0
0.036797115881394116,0.12299905064911756,0.007270185270141339,25.003777537272978,0.22610232820918238,69489450.52062674,0.0
0.026342051469130722,0.07933756546306725,0.00788913962965867,23.259213015913435,0.16149090056109708,69222824.76724859,0.0
0.06458218210731494,0.10354852482841745,0.006032130620995044,33.57953815566347,0.14707570791964245,74396872.69109663,0.0
0.06238994705046372,0.10399444207196235,0.007076205857405354,21.84534583131105,0.10499255593075352,71330283.20674838,0.0
0.044949383138835716,0.11654041795662429,0.001933392336120522,14.465554426869595,0.1368649896233279,61403332.42343536,0.0
0.05468063924377721,0.11980413934098337,0.007978046813410725,22.129587114563652,0.2240816017925468,73988727.11480945,0.0
0.06056309916386848,0.07602225870022603,0.003534731920607206,20.53126990458143,0.1435776156199281,71659046.05020875,0.0
4.183845119630908,4.7454661763469135,0.6688066515513902,28.190887959225215,1.860903074070141,328011521.0630061,3.0
0.0732303674471255,0.13286185829160066,0.0007266558758115671,25.514586952616185,0.17567788517774804,77759151.97155115,0.0
0.056383928846801476,0.07557343262086552,0.004595629775055219,28.46608800829352,0.1540715333482931,70008137.58810587,0.0
0.04442237295748939,0.11333239129007659,0.004426937019674358,28.67238372500609,0.10899123657050266,55295801.665561974,0.0
0.028833828331060407,0.15900125931341053,0.005193126926423032,23.23157120216497,0.14768144001326788,65328429.68452228,0.0
0.04413571804449622,0.020874554066130077,0.002812845635530341,32.504215151401894,0.1402635878972837,67836668.65171456,0.0
0.06328142777545975,0.0490967244411018,0.0006290747601802394,33.98332600837509,0.09551826516580969,62565419.731938444,0.0
0.025322456514747606,0.1823629618069871,0.009331929170490184,14.752427419058375,0.10778703365630161,71361181.26526122,0.0
0.04391984817629499,0.11309315528924357,0.0002534860426393848,37.85997658747485,0.1078118218013632,77658487.4170654,0.0
0.03683425913212226,0.19259289344124908,0.009477796979692298,21.14129592701609,0.12487402400977429,54331567.28165155,0.0
0.048898241913726354,0.09121530236662298,0.009672711903702976,29.880203596779733,0.20244649186414465,68946569.462076,0.0
0.032093799520740714,0.11539845915149162,0.008533171866665861,39.63635046236665,0.20676142445469056,71319108.31562333,0.0
0.038404034125887374,0.17363287036373407,0.001882321997690456,25.738779537000642,0.12738965043158385,69012507.1192183,0.0
0.07004856756527109,0.10159421134366786,0.009665907702233167,29.360765528420274,0.15829955191408726,65544921.99074799,0.0
0.03747364434623195,0.13795798970340525,0.002057943769894217,29.01577371307011,0.13324146217915062,54276399.67806104,0.0
0.06475672601009798,0.12814753600290574,0.006225753978327817,19.669839141861598,0.1923184285535517,77489469.37393269,0.0
0.051424606458114724,0.13095962490046043,0.0007055006370989458,16.228575735887503,0.12347341639495268,67079664.52581205,0.0
0.017952904856160825,0.11508687293831323,0.008078314518266223,30.30628129256059,0.14144294134595337,60395517.37556211,0.0
0.034212700211363696,0.20077706877156387,0.004498039907044287,28.124517973270216,0.1928672149556236,62890152.086413875,0.0
0.02077302276141736,0.15422354423901702,0.004406031140591748,17.618687279991104,0.1751744253371557,53366263.35815433,0.0
0.042403922635741956,0.14501134267228163,0.009077612436501787,17.467373709804423,0.23773798201153543,67520700.45578861,0.0
0.04336859777314713,0.1632523767137754,0.007514233175313027,21.794428698876775,0.12439382172661552,51520385.155542955,0.0
0.021552137869550143,0.08931291765758542,0.005151922261382137,21.845767985264057,0.20370887445404742,50512968.46175569,0.0
0.020062620179464884,0.120616463817678,0.003517098179588083,26.798404238431605,0.21171227095078726,69191801.30020268,0.0
0.045570052172523,0.11593198349073146,0.0032001611308739176,28.454554786960962,0.18656308656896134,57098102.48099139,0.0
0.04113935193864982,0.15042041073739137,0.008515814000172374,20.37055048054425,0.15851297594679875,65609980.07676457,0.0
0.03366382260760733,0.16476030346596876,0.007867230147335407,35.98323027489477,0.1691850127820629,62682583.31192019,0.0
0.006134365617826348,0.12518312969293965,0.0017081370630621074,20.379685963294673,0.1507300984342445,61163201.49842482,0.0
0.04164801026442222,0.14087543981536133,0.005856543354287992,28.831942382861996,0.20660818106807294,56374399.82215475,0.0
0.04659645341537845,0.10571647062939227,0.006623179135395824,21.80707087427485,0.13583174445964846,80424945.39262779,0.0
0.05535215987566669,0.14380756369076572,0.006766172335525065,18.40515750848745,0.12060756409863235,49267691.58957918,0.0
0.040514889743011984,0.1531634261743,0.009108262646863152,17.437355173505622,0.1918910563423785,70394665.11068958,0.0
0.05063547027518508,0.10998985223419612,0.0010868253937469207,20.992362049477293,0.16110210053974128,75919582.99878184,0.0
0.041269633107246795,0.07219615456045964,0.0083629131310246,20.2269094902497,0.06188346587177125,70081026.51228416,0.0
0.017926768490032215,0.13799891646062423,0.002576319987635292,22.899861363529187,0.08312954906687331,55308446.11427543,0.0
0.03581343938039343,0.1477611490876537,0.0025119200460446724,26.548633895680013,0.1379389481692261,74807694.80429351,0.0
0.058969201786742975,0.1681053332609786,0.006960798615670392,17.51276665697126,0.1237350371680118,66573017.9004883,0.0
0.02565058650388419,0.07639989182437654,0.00800137582752076,16.66618296605401,0.12397373514655219,61387205.89269931,0.0
0.05620940407684893,0.14519152797518636,0.009128008004078618,30.193030346044083,0.15868831750113604,71795539.71988024,0.0
0.03954581681679216,0.13600481416153343,0.0010671181910235428,15.172220542617474,0.16254892731587628,71492085.88154477,0.0
0.06889779939959095,0.15226305256920383,0.00347822347433046,33.367209428114926,0.15870872804348665,78497402.91476147,0.0
0.05651152093729363,0.08056313858815681,0.00503345130606154,23.897308854217314,0.21220794136589366,73226146.90688378,0.0
0.038065870669424365,0.15582983411374435,0.008437287927102575,20.635055165553236,0.14776591269388756,73785053.54311611,0.0
0.06570137031221177,0.06293343646997009,0.0023672047585383293,17.50409399021151,0.16075249425648616,77276617.90483646,0.0
0.032617542048112326,0.12049955737427519,0.004741579458790797,21.96215604110222,0.15047450716723137,60396109.16004249,0.0
0.06085683339328374,0.11897580152102576,0.008143839206690815,20.47526083530967,0.17595527703615355,71921971.36825997,0.0
0.020970512821542473,0.13093323736633,0.0041030372187266205,30.89971065019232,0.20314585646178573,72223714.74388407,0.0
0.07329278851815796,0.12004219163767785,0.007439051873021519,23.08773801165355,0.11287120130607928,77230019.22205454,0.0
0.04179829272432229,0.15225775391735608,0.00565415939752538,21.64243896509727,0.1414562703117983,65419231.4148551,0.0
0.05775332613170239,0.12699336518015497,0.005429404444893278,28.77479383070982,0.07375053519642477,84865895.04129422,0.0
0.03507320302847418,0.07663125235211346,0.009328676901266332,22.540215475652584,0.19948723201156038,72219529.73071243,0.0
0.054770868769586964,0.08492343904764844,0.0037973740482164877,21.927306081544526,0.19116721744511866,53563360.38718404,0.0
0.025199662331689413,0.12255059343054303,0.002519982216440717,14.477086006173339,0.21666653036910094,76179608.0824728,0.0
0.05396100104774787,0.08630436021503857,0.004003566268398306,13.736033026343303,0.17335532089136005,73811932.83090608,0.0
0.025848771362695356,0.11529261254593935,0.008388393367652704,26.749618576246963,0.178589269100708,66760811.38821336,0.0
0.04764662332915837,0.1735568319602173,0.0051208857669866395,21.39893989496605,0.12943644782528407,78668150.5213614,0.0
0.029762672715324047,0.10735413033114483,0.0005976227417838442,18.777567750555672,0.15252928586052406,76072507.37445459,0.0
0.03949763382277968,0.16591943085008815,0.0021769979885723247,31.54722050701324,0.13514970517318425,53426477.070748396,0.0
0.05355898002889739,0.11847830675651481,0.005375401436403463,29.102767514439485,0.1500717949151243,61303400.33795978,0.0
0.04568357759855721,0.1435501432588387,0.004362460263571574,31.11974376573002,0.15364672586665756,78825737.5982064,0.0
0.04131385403871084,0.2049350770220933,0.007777279100677931,27.654471571079746,0.10997482510067036,63269527.624422394,0.0
0.05932957812855766,0.12441622662816884,0.0005270978985343899,17.59427137689142,0.15585902446613273,64906219.723659694,0.0
0.02683475700356315,0.11389760097340074,0.004056452594472375,14.380262086496675,0.17397802745286817,67643238.12475002,0.0
3.2058902537198346,6.184545502582113,0.41002850886896447,103.55615391891237,2.230258320838505,342287129.5350037,5.0
0.06533456788207426,0.09857171429222873,0.0057654498995114,27.030280612140405,0.13406867865829805,64332030.62186742,0.0
0.05399893094994307,0.11863431682178595,0.005402172667786186,24.79264111000426,0.17584518704096685,61578052.28841517,0.0
0.0599440022917071,0.15189769527611524,0.009148421498516548,27.197263452289953,0.1098368146817989,61830468.61857819,0.0
0.05304764765355605,0.0866689266741421,0.005097260752881797,28.837396722770652,0.13270795256761836,67138917.0423953,0.0
0.03781238643232065,0.11807870997842997,0.008009387215414302,18.788767332253855,0.08129311406546413,57892473.418573335,0.0
0.031189896103809504,0.09568898707928994,0.004577646127041341,22.651177678314316,0.1262198521620397,62366364.8656497,0.0
0.03446920359183971,0.1616119680016125,0.0016622936205165873,27.671824493181916,0.13173209539907013,62993310.28874615,0.0
0.04117534173868717,0.08514646118234198,0.0060968190827577744,33.26654818589265,0.12630138178477943,70464278.28399517,0.0
0.04670276017876872,0.1133486337749477,0.005709070537521448,22.23411377326365,0.13942576667186132,66105092.373442516,0.0
0.052435228319589064,0.0711008635210453,0.007326126992403988,25.68830970434023,0.21565714510889256,70719007.49744254,0.0
0.032591535846715154,0.1269631851378773,0.008295658314283687,31.669428727502865,0.12665111465749596,66318077.71882899,0.0
0.04403792480110511,0.10215676573831911,0.0014660830036000317,27.526685738236743,0.1559512253922922,54477735.95420503,0.0
0.05780123338170461,0.14424529642909006,0.005420152984797261,26.473596264511507,0.1592284699629985,77088309.81305861,0.0
0.08182950209866341,0.07971450707331725,0.007475206367465049,20.409904691805174,0.13847375877955528,58430027.279259935,0.0
0.053731465552029234,0.1172972634171934,0.008245170697999292,21.246351964972007,0.14476797625092178,67996130.28539352,0.0
0.016218431770514376,0.06373540474708589,0.009615507321375663,25.16951361841169,0.17541316780864824,69511250.13143814,0.0
0.04326527576417639,0.12941944294357877,0.0031370312475715624,25.837850529004953,0.19226899645121673,75459011.82992598,0.0
0.07785683438714967,0.1264347340663793,0.007416272874518889,21.935083643646553,0.16205628279124468,56099090.27855307,0.0
0.024334959480643632,0.07837058374964351,0.0025890427479313962,30.977656940433548,0.24155162643521155,66021087.598368466,0.0
0.03484616999541062,0.08829936946980833,0.002998975929945362,25.309416764435674,0.16546344919620767,72737769.32647565,0.0
0.03304657116794285,0.12922205253658708,0.0037097371259216905,16.008926302954464,0.15502194346604592,78055684.45088881,0.0
0.05042454037571451,0.11317821018765616,0.0031610131154697053,28.043677945622086,0.14669629698594838,58496905.26127391,0.0
0.04343326172193793,0.10260737912087076,0.0018381288948181496,29.83897234501713,0.15950570625199836,59857496.955275655,0.0
0.04952687849729199,0.09182617317016037,0.008302028843457621,23.536572705123614,0.16176328155172856,59671195.57209696,0.0
0.052237086228647776,0.03963366664019666,0.000881344309766915,35.413301610548984,0.1361958361272324,70523785.6469025,0.0
0.04016907725691486,0.10218627310023753,0.007493694366449569,33.84084646529892,0.09849578865387755,58794988.973428145,0.0
0.032745964935191454,0.13053875687171096,0.004229435437415578,21.70125679373017,0.16659137848316963,73975733.36419083,0.0
0.04440667269215017,0.157861835468549,0.005505706345413642,36.6891387269415,0.1540689283388708,72448659.32360272,0.0
0.029065444294108424,0.13667252192746768,0.004503503857807928,20.746933735240262,0.18406364183572788,66995590.574381396,0.0
0.04170492168243732,0.08599201429105499,0.0012324745813255145,21.50292729938356,0.03183004235031875,59227220.12145211,0.0
3.38547158389604,3.2016095939853346,0.21093396205750728,21.143506662000352,2.4931631081439676,381044792.1358755,2.0
0.04458727642424046,0.12509324192188842,0.002402450184643039,19.397910405318054,0.18524248749522662,65268300.04899512,0.0
0.028054397180135728,0.16835089275416704,0.006949701331214759,22.648983306073443,0.16267808027936462,72787902.10119316,0.0
0.05760930039756829,0.12785188798723288,0.006037927572861181,32.80127764765466,0.17266163948326624,70379964.77455269,0.0
0.0442843296578703,0.1360190305118743,0.0008839696714675838,27.181178524005276,0.15364499469013507,58881612.186333686,0.0
0.051191713904047476,0.09960344698359462,0.00600251410099583,33.1836998091532,0.228893779163288,51449844.52393176,0.0
0.07148181360421645,0.11638608339478333,0.005528148757183491,24.853917970730073,0.12532898553921168,63794970.81551555,0.0
0.050498973691452724,0.10324068903970585,0.00857857783517489,27.852105866803978,0.21079808023657196,54757862.940778196,0.0
0.04375978971235951,0.10074596509722114,0.0016823657910849188,28.746412784397258,0.14446658871934487,77160307.11921147,0.0
0.03671665433578543,0.08042846327718657,0.002353832618983576,24.19022591529336,0.15137333554275342,67640562.4345479,0.0
0.034606422033061385,0.11009013861396814,0.002336904488253636,24.62536721940776,0.18774862023024178,72134346.38943763,0.0
0.048915829082698335,0.08913438720702987,0.0033882348242280738,30.75133697949148,0.20745472136975016,51649188.724755496,0.0
1.5868698752303998,3.443234728806247,0.2439047394482739,7.801822686451218,1.8744424094687218,363925984.592648,2.0
0.05974036475918271,0.1529458703268619,0.006391078469947064,32.66436677818156,0.18222298811224694,69213993.7399532,0.0
0.026855384719631916,0.06290534645886689,0.005441086239394686,28.536156869021383,0.13475449213306323,72526207.26273802,0.0
0.039859282252098456,0.09226530276500135,0.0004960590834948276,21.17906606681077,0.15895707495786426,77285748.6451752,0.0
0.06753535578144042,0.1511634107231925,0.0006875390642248747,16.154748481303006,0.1878124708494346,78925220.75167638,0.0
0.005703823438653832,0.11934519352439359,0.0014716325109494534,29.211486635069512,0.19998841680737273,65672907.36909097,0.0
0.04672539118721126,0.14938139765814418,0.00036340748316242456,24.362965638050202,0.1929365080964178,62633175.67207149,0.0
0.03294488148045403,0.12144639712947164,0.00471902510564523,25.412208833174212,0.15752293427967093,72288230.752826,0.0
0.038303495781742074,0.1337829054375688,0.008909738846907038,29.146618862914313,0.14271357664568302,52809458.60465978,0.0
0.04319428254069602,0.12389804106440183,9.098181280775997e-05,16.872538649000838,0.16571073452204496,66570283.53202931,0.0
0.041416018512454585,0.10958812296941524,0.004108163955674278,18.42279346475077,0.06374218491979869,56651944.31817931,0.0
0.046699056158066465,0.13759606826217852,0.007228392039002123,21.088230387490032,0.13468730076052998,53936016.31195063,0.0
0.08340126807403192,0.14090298763886847,0.004593436555939564,25.924852875365783,0.12380920897504202,64425287.248486534,0.0
0.04540328758491796,0.1334046144659325,0.009861767972836949,22.07103638275655,0.153185983304557,62216915.39890095,0.0
0.059256357572790755,0.09908714318579254,0.009476861770642796,24.47516146218188,0.18977195306750494,67661602.87505361,0.0
0.05450878533477017,0.09992393794860846,0.0027675413195130862,16.644151137529676,0.21010937305222352,65751861.69107542,0.0
0.05544581171185073,0.1438724321521921,0.004666831558308642,15.177319809485377,0.17577242000432802,70243295.94762081,0.0
0.02354787933059051,0.07598477493798841,0.0011921044284057337,25.966897259620794,0.1578161288513328,77358104.55483304,0.0
0.04163050275004463,0.1626639776427782,0.0025319890701281022,30.909450212794468,0.1567460547044078,80317451.71741605,0.0
0.027469829435707017,0.049864817245763624,0.008118067183508864,24.89950624115174,0.16632543651113424,61848798.97435761,0.0
0.04684005473992193,0.13130410762661837,0.0026828720042777264,19.55794382163577,0.13926524803450477,67496515.02824669,0.0
0.039428387010063126,0.11824283840353893,0.003337765970697978,26.96456755274108,0.14771754834275375,69820457.94332154,0.0
0.05107472566441433,0.062488391609604135,0.00740663581066626,28.87557560794543,0.09608016862531324,69701336.7526573,0.0
0.048611297692328526,0.1349910842331333,0.005908662673951145,26.486136107925432,0.1818572146656844,67423968.2299024,0.0
3.857883912085713,7.8077485119460714,0.4558661068221075,56.18380869993815,1.9311335995509675,493491410.253712,1.0
0.03911837770301763,0.13230068726395539,0.003278381988500341,20.742300101103407,0.1682499795411413,57706098.67867263,0.0
0.029134336065661494,0.11629180759935524,0.0019201608474003673,22.19331001778897,0.12427266631891878,63827606.52646883,0.0
0.032242193186860495,0.07255933739106987,0.005688127364338729,19.159110860749,0.1977444702069035,70565670.65008844,0.0
0.03742837618157674,0.15760113044504465,0.007146960890066222,30.011180833514626,0.10102391171810912,64529695.03444578,0.0
0.037291996239949596,0.1442717619169898,0.0019267639648670033,22.40666640189395,0.18039148947812308,62288754.25562794,0.0
0.04671341472993059,0.09430391704275265,0.005281892617563562,30.357579677905193,0.11375138671811155,52948605.75537215,0.0
0.05842557471114173,0.12138064668842588,0.0013839758596812456,28.436192251976443,0.1766351129482556,64712351.537180856,0.0
0.05446217526832166,0.12727308775736595,0.002862798621119409,24.938507753459714,0.18627149091729595,61119047.71581449,0.0
0.05245071229516849,0.14439340415787574,0.003770539310016988,23.637949916981565,0.24469657456108485,82611926.81557266,0.0
0.041860144842722005,0.16744049803869235,0.008421937308731146,25.71653152500002,0.1722749888947258,67710063.40442824,0.0
0.005,0.08988652462271743,0.006480303180552142,24.50845076272812,0.2579331534374835,70485414.69711539,0.0
0.035643465589562925,0.15789418688604756,0.0007862671098975804,27.45722755447201,0.11698832156676542,77069724.90401684,0.0
0.04565717207968664,0.053172536937244747,0.008146250560259171,20.24523308452764,0.15630538233763774,60216105.64701108,0.0
0.06716841067112274,0.09806489713935121,0.009260595598182654,25.51429288966167,0.12496335929261591,72293598.31272951,0.0
0.028449500907391893,0.15125338545380693,0.009764896611478871,16.17306206485013,0.0788049956716733,64829427.21370865,0.0
0.028341362318012566,0.1712462033563353,0.00569304984412202,21.014432168875096,0.1968264651727064,68727778.45289353,0.0
4.9615404159364696,8.288176665276804,0.4478186234797842,109.58817746624864,0.9748137230846269,532106669.1148739,2.0
0.05478484317620129,0.12298233073718653,0.008131420044817254,35.72912462538244,0.19486756569551675,57905354.15689253,0.0
0.05561627903183213,0.09561298635496487,0.0006605530782216007,32.743196475120186,0.11284294070157078,67494412.27582757,0.0
1.848692805610873,9.696203974371153,0.4020376017476682,115.32085191098531,0.8641153706949808,494356371.80393773,3.0
0.047003113571734235,0.15424477392098124,0.003192252977861885,23.921064368358902,0.2006664501279365,46211487.482289396,0.0
0.04800853795846414,0.10942367945560824,0.0020351110833188644,30.054198675101567,0.06541225603705057,62824936.630580455,0.0
0.022115155281448577,0.15015726435742804,0.003617683119225659,23.589371115330444,0.14584750062388133,69526041.7436649,0.0
0.038249017927811345,0.18984836214243875,0.005833072481842045,26.972899927421096,0.2102024815443332,68849854.95524205,0.0
0.05712086697421717,0.1467410423550501,0.004420662131180751,20.338143784090065,0.2396370622482317,61362699.81508054,0.0
0.04901088471107854,0.10696883314717269,0.000520237550294469,21.06412965006502,0.1259864536397405,76797685.7763399,0.0
0.047408609715747965,0.12043747626675376,0.00248976899161365,26.28626710555751,0.09683969451106206,70931107.31514446,0.0
0.04258071432500986,0.0537234866566175,0.0046503633422091,21.452844213357622,0.10528289567853041,61930696.180990115,0.0
0.05566439952305237,0.09199865024608236,0.0013328425808217315,27.33975211065926,0.09639500417380856,66142594.263719,0.0
0.03152298027313444,0.0963051701539514,0.0030006708290543993,24.99142923165468,0.1592692376812157,65475906.57060641,0.0
0.06869358218596068,0.15540120623929246,0.006256499129414532,30.449524795454153,0.08787858888640718,69726630.89469998,0.0
0.028404975389909576,0.13823928499327684,0.0010986311374078296,19.518898375657173,0.186198481659768,72403957.69068836,0.0
0.035439193090402235,0.10369680508086429,0.00957971066482454,18.74400431683161,0.08987812562570077,72884386.84017496,0.0
0.0563873274045397,0.15703414137805025,0.005270076245815337,11.462280723094114,0.15833967882302322,60014707.87648521,0.0
0.020809261932155224,0.11079882097771063,0.0060246917045726645,26.05248149460752,0.11302570665478498,74421235.28317489,0.0
0.05672734307665965,0.1592360733563565,0.007151250198168879,31.997432134861715,0.18456279928555788,63120984.833821155,0.0
0.04111436781268945,0.08044286963641266,0.004063322309637678,29.400329814786712,0.14251090713972478,77942490.25456482,0.0
0.0593890623912781,0.12119533461208086,0.00797998035219224,25.239126598923416,0.20457304976683466,69415750.47946908,0.0
0.05307444118574449,0.12686460106583675,0.005441260019631009,33.40746228709008,0.09688805306082277,80033631.71166761,0.0
0.0427491661945121,0.09947140556526225,0.0048387726456425905,19.507953910187236,0.16715045035523055,71538351.05203909,0.0
0.02864401383835731,0.13739057566776589,0.0068571276882468096,21.737358533916776,0.1513209322877213,72870390.62297565,0.0
0.06813164928851813,0.1890389761876433,0.007235345733310887,20.68010075461961,0.21977244458972445,68643262.57170139,0.0
0.06562314628722277,0.0980440293917044,0.0026227432181498487,31.696632947399998,0.16323135226152943,84859259.66802894,0.0
0.06136965180891403,0.08689888787561265,0.003387329557744314,23.5604696156604,0.13712989184039165,86814614.84271726,0.0
0.05313840065378947,0.12500300831672972,0.007394692332387273,27.701439720178477,0.080431793913088,78662787.64738168,0.0
0.029111797171665725,0.10627955760283046,0.0012907124693088145,29.266007725257772,0.1164188976792937,64292148.800993755,0.0
0.01377105888174417,0.15139731689104963,0.005454279502117131,24.26329886689247,0.12243552809112838,57970795.63454712,0.0
0.037736488907006226,0.09842735071861829,0.002366097827075073,28.450368381683063,0.11557738384744451,54519224.2083556,0.0
0.03765840836222667,0.07788797006137993,0.00915289940379274,21.631049471702617,0.14586148840612306,72663538.10671403,0.0
0.036346445165063954,0.16978294515944775,0.002187717084108797,28.063953707916447,0.16018924549520838,81077090.71134582,0.0
0.054682262717116126,0.15203865964460567,0.008214712527761908,23.672197437407295,0.14070905988802107,61112626.10876608,0.0
0.06292569943387263,0.11816584422978857,0.006742935737000247,23.891092981419323,0.08878883456280849,50526082.77215369,0.0
0.06164549762934335,0.12002389866351189,0.009985608065856286,28.66040475716511,0.16128144841848882,68911793.66753359,0.0
0.04367576927473118,0.0594079543794276,0.008482031285528956,16.245122127973858,0.14053850466525858,61645468.76094236,0.0
0.07447087699374584,0.0839719972136275,0.0017916391829015089,34.44218469807129,0.17998981901753391,63954885.138380304,0.0
0.06354139762815655,0.10544115752184244,0.007758650652027869,16.034618010438052,0.09609163078762387,65878827.52720365,0.0
0.06472371680376071,0.1974385863789035,0.009419055872604202,14.596297373045108,0.2097181049101531,72101186.22720572,0.0
0.05392131512497929,0.12788424410366422,0.00013281203458580083,23.77985823914433,0.18238630120592964,68260966.53397743,0.0
0.053546509203483056,0.16129038229262485,0.006522811128184463,29.835890612194746,0.11987184873636117,68918024.77720392,0.0
0.07364124960705196,0.12618873052487892,0.009987929358156546,32.209712009763,0.09667407966091163,72441724.62551141,0.0
0.06021555097527195,0.1339274467481383,0.009976722632646592,20.69475163917212,0.15035430814675582,72860566.69949165,0.0
0.05140791542807527,0.06840537537852628,0.00807702369044057,22.984670659816388,0.196066623321899,68228738.29473357,0.0
0.054878164090092454,0.10192496246393498,0.0023287914615181503,32.95700183881402,0.16436220373921467,58613841.781642556,0.0
0.030324408335774516,0.13621146783436547,0.006103760597816921,31.09240107435843,0.16152113473221957,78303512.82616685,0.0
0.03634662195715277,0.06376980147414621,0.002272610535596623,22.173035148572993,0.20567683550719676,68912270.58236176,0.0
0.03855891688312121,0.14994444806572493,0.0009923766491968101,29.41143246299608,0.1902564416010622,62726531.6302146,0.0
0.026233296354220455,0.12739492922978154,0.006439079570677647,17.071871466152036,0.13886508129568423,75300394.98506798,0.0
0.07520080871289934,0.16469378851308658,0.007728400834265034,13.901110262740746,0.25343900702735583,73632978.43922374,0.0
0.03496390892010125,0.16095695482188113,0.0020930607583420856,22.420473434338298,0.22456194121647033,65075671.2931358,0.0
0.045233685713722015,0.04825205524978826,0.0008741680787108386,19.978547182528736,0.18822815884455468,55769919.38319779,0.0
0.01997123889183616,0.10405611658916453,0.008637896229650032,24.431666554592823,0.14958590840369052,73424572.14934741,0.0
0.06676715411692563,0.09635021722934359,0.002048024090562095,19.96536319527428,0.1488712848425108,55289644.607774325,0.0
0.06755989482874032,0.142789768463828,0.0091509845449003,28.115436739445475,0.1630828949951138,68500190.35907556,0.0
0.061331229295562784,0.15723793456462998,0.00980005463196817,19.116775280499734,0.1245247044424417,57753743.839705326,0.0
0.04067012041619793,0.10527333722116312,0.009132296862792705,28.58294669879826,0.10100000445359797,51508879.740739636,0.0
0.07201410649366223,0.08896616772007898,0.0021143125799891116,24.082359139214233,0.2111332625394498,58063301.60555352,0.0
0.054158786179257346,0.14561547465009034,0.005976823355234591,20.644034849961848,0.18632090650144764,65293412.264200665,0.0
0.05208896223619564,0.157504010328221,0.007359204063739489,22.917807833759873,0.112343873239919,65107295.72781442,0.0
0.06860980144935049,0.17154347365128436,8.619002591780279e-05,25.37836770306693,0.09601578977152286,76486772.60879958,0.0
0.04692156622366184,0.09769422885399218,0.009654486346006212,25.567280200282763,0.02033944698683518,82616573.80963735,0.0
0.0394168983589342,0.05783958860830592,0.002736663849214577,26.929850462844378,0.08722441618501264,69713859.29092419,0.0
0.023724514006004525,0.09143239644103122,0.005259465769014594,32.69571172905325,0.2438249664758576,71299467.85421053,0.0
0.030608411449147804,0.13463720145607902,0.0007308509102615024,25.545414851749157,0.07478257823747674,54286110.82346898,0.0
0.0367221278116133,0.06480512312331509,0.006707273254426009,20.25523586115661,0.21368099594304335,77081293.54532284,0.0
0.04380537913131427,0.1507795964398091,0.008114659391516817,17.675126269475555,0.08339498814783822,48247107.982723914,0.0
0.01509396536142817,0.02,0.003070877433602487,24.033478867760152,0.16833556039828274,69166520.27461813,0.0
0.024810304796298772,0.06821945219010965,0.0023290183864948166,23.831379710741373,0.15641075429670306,67477128.36336312,0.0
0.06001569138850711,0.10491060506487153,5.8647278871613033e-05,28.434783160493385,0.13800490102013552,62630650.55013703,0.0
0.07016551221114661,0.1533042419700915,0.008467850018697454,17.102818506412007,0.17661338138035498,74556303.19642821,0.0
0.0727006098860405,0.10768275387642218,0.0010347506364658465,24.252721534175055,0.25546676567782356,78023299.17470041,0.0
0.015186466280986608,0.13424683004935872,0.004838602188643114,14.110161339026561,0.14937747644518823,80616980.57842246,0.0
0.046563016559278136,0.12708150787479808,0.0007221318533518795,20.569798765108114,0.15370510351795694,75851392.21160436,0.0
0.06047766809202952,0.13286772525469975,0.005877984493716848,32.65167282177205,0.024459413350638393,67500086.58627419,0.0
0.02503150569663333,0.16657012164136642,0.0008193843903814612,31.64083026978666,0.17965279267631656,59899700.90494514,0.0
0.013899146513877757,0.06929930048782595,0.0027466586978790544,33.11628345264027,0.14044989591746262,76097055.56034084,0.0
0.018473409516557224,0.16711790146709618,0.00569230212091448,22.174697632244037,0.21080366963964403,62071449.23411334,0.0
0.04036181436223178,0.2298211986780998,0.008239976518799784,23.481869635509995,0.1531375698433468,58729178.32273522,0.0
0.05210388645952772,0.13769145557083193,0.007489631508603985,22.294965671085503,0.11361278242750097,57824914.805268824,0.0
0.04053654744960012,0.1413575659356228,0.004064627179520722,23.635777268299346,0.08971096718464246,62426902.87297143,0.0
0.012017910650698772,0.11041024213597435,0.0038283339476843526,29.644660067661075,0.13139696215195976,68152279.05076018,0.0
0.02731440313260296,0.12249388124688124,0.0077147334485960645,21.84577224604572,0.10507219796498489,74264474.03222091,0.0
0.03955742159340511,0.17185821908619095,0.00274212889124147,25.17403770249916,0.18141382412041132,61049374.782867126,0.0
0.04057575482561958,0.13361425552732642,0.0071366028311215385,30.598438892766907,0.17453840662687348,68637941.34141156,0.0
0.035240361463172595,0.1785708231604488,0.0008257215803527718,12.823438341085557,0.2019659928219067,63330901.78787878,0.0
0.03386294121452928,0.11773589882386185,0.001175018402123733,23.45519992701046,0.140985940598232,74370669.3041798,0.0
0.02388804338435167,0.07343902309913534,0.007690611331597243,24.778192722442192,0.14938113437093042,67548198.62673023,0.0
0.05012633963665739,0.14741866782489083,0.008695336718149798,23.000500049453418,0.08708042971708556,77534451.61997658,0.0
0.07091314755151067,0.12321133695569304,0.0021150674928176803,24.4272028626374,0.19224405006679957,58281284.592650875,0.0
0.0657323848655629,0.11889962903688282,0.0018830252491710642,19.189670898718585,0.10370336839138264,77151525.40644965,0.0
0.03869719774356214,0.09401305186115655,0.007416841289918231,25.21914399730214,0.1466486760044374,56514363.00409128,0.0
0.03845421164210147,0.12900196396245744,0.00857029028330578,29.066402030322966,0.1793271726969023,76426536.94814284,0.0
0.041264459406654325,0.17069747304625243,0.006058968151794831,27.95568058961966,0.1860908559977381,53902328.47189991,0.0
0.06294947229968477,0.11728947887459022,0.009517024063905371,31.009658347697716,0.10503512564556906,57976733.046436206,0.0
0.053795460281326396,0.17567037254162476,0.006382244150406114,27.460071402834494,0.2159151042313469,64878130.17821044,0.0
0.062229560241430726,0.028890201926044537,0.008733611178414381,42.64527593785242,0.13304395710669614,74421418.47850645,0.0
0.04096666964167754,0.1854837811380124,9.827552569787845e-05,25.17443973544704,0.0933492456263757,68771631.4610575,0.0
0.04384347435878844,0.12310301568365031,0.0006844070924262614,25.413864518927127,0.13749291321386894,60034765.03956856,0.0
0.03229557977522508,0.16190364232758298,0.0020091133968552243,25.620878423723067,0.12629188708171574,66833092.83085441,0.0
0.025077209266523542,0.15800252137287715,0.006254334501665935,15.005555465693751,0.07330604455958803,62780501.744898394,0.0
0.05098704171528106,0.11977175396696896,0.0010431308735188217,23.624392858724768,0.20156812205627492,63256644.09566427,0.0
0.0464561632402206,0.14801433338296888,0.005345592191563087,19.061173800412366,0.12355899781490023,81069118.78429666,0.0
2.0094929247005218,4.310250262919432,0.20653342724850443,134.03438498835087,2.3938309635257484,236056652.05379578,3.0
0.04560887536805824,0.1326496061045586,0.0012890258507349895,21.481448003342834,0.16180563917349666,74787820.68143371,0.0
0.07191836795276682,0.11002935773206152,0.0040547167633041845,21.25600101989973,0.15940541197464753,63814437.53453128,0.0
0.017970293436299703,0.1304355463096684,0.008364397373761233,21.84875352497782,0.17838397917534266,58807069.98802589,0.0
0.04478321593682581,0.16561473130606225,0.0023207857786616505,17.604019908211168,0.1300051586197987,64719825.71514289,0.0
0.04577918828710949,0.11257268605345969,0.0008421301117709834,27.52135374019192,0.1555542412972352,67571668.85421367,0.0
0.06014725634013951,0.09001297671606225,0.0014990925324713967,29.045563953656895,0.16406649419896235,70470491.7322155,0.0
0.043753416410569575,0.10622645504105949,0.008071070203195127,33.38557935093436,0.1856736231837925,71079499.8232538,0.0
4.4338817126533225,5.0328764549957254,0.6100186943000895,13.074459846798014,0.954074037665895,225996822.6341794,2.0
0.024258004035534957,0.12242705179626875,0.002790082903477966,23.84669166680146,0.11489530572548379,71295706.39021765,0.0
0.05119397181413436,0.10575372904756268,0.006166219781652751,32.23898209228933,0.17959776205517264,63907510.33996797,0.0
0.05325078148536828,0.05171143475864812,0.008036934518773025,24.66775512345272,0.17705428190699632,76222919.85071924,0.0
0.03599041965121792,0.15853358722494998,0.00981257577391277,23.264067524438687,0.11267575691251562,61983415.082452744,0.0
0.04918491243335703,0.09354729749445728,0.008665956885955036,24.79331397595415,0.11376811146515409,71287330.27155976,0.0
0.035146585815429066,0.15980600898276554,0.007072283283354233,23.547730418861054,0.11924934359845918,57620772.642378464,0.0
0.043031145493615426,0.15484535299007104,0.004945970527637587,24.62827335120738,0.14951903884347248,63694567.23386259,0.0
0.02894872850510771,0.08159441153285045,0.0006728461292151456,13.97352813622047,0.13455989697402243,70745674.62194274,0.0
0.03369395753463766,0.15241753907845573,0.0057356328002671,30.494916787209824,0.16588186679529598,64533155.83092897,0.0
0.05994071528708724,0.1585287489447912,0.0012137192454861967,15.18355426080513,0.14952010621489104,68497107.85881977,0.0
0.05328734931625721,0.14042405060541607,0.0008947312281038722,27.457063781777634,0.08176163620437059,70348263.37444127,0.0
0.05061084854771358,0.10688122801823678,0.00035159250271194154,32.35792541284947,0.10580901305433932,56686011.539411336,0.0
0.04383244204480797,0.05883272215601083,0.00562144753827585,21.414090496387644,0.12404005918107369,67706864.8841433,0.0
0.04874075525566133,0.1808597973148666,0.006771242634825639,24.56457636928425,0.16674818313169473,78525815.73168536,0.0
0.06719916208335039,0.08746711989326564,0.009620584989413516,23.80883162472191,0.10546820663541476,77751607.52575618,0.0
0.06665646906109889,0.12771894994548533,0.003753213457730138,26.541460318194105,0.14911879709932238,82054719.25323412,0.0
0.015026989732018384,0.07653837985814313,0.005858083942152444,26.532254314816704,0.22646424268253285,54462593.30822453,0.0
0.050988346839079185,0.08887657101200865,0.004067737485720052,24.281702350514408,0.14304504718741654,61950338.9820811,0.0
0.03225233445802812,0.11841060737237166,0.00526094013251542,30.407570431498705,0.13720694888444973,72267532.71083742,0.0
0.031151501308336434,0.08822853369485778,0.008218393227529024,25.24664082897422,0.1247816618325809,72187365.07188882,0.0
0.04463812369334995,0.12011814273090063,0.0030409463597128386,31.119279592712967,0.18241040177501333,67641892.12893511,0.0
0.07715916133987988,0.10760857511706416,0.004377168249335413,23.173795112550767,0.07877497308370042,67369442.90719749,0.0
0.051123791335717074,0.12690522929709222,0.008349737856829624,36.01006962329808,0.09224297811704972,62518686.58224603,0.0
5.496800596702722,6.034801719626607,0.27294961950959984,17.560156199423393,0.884783089707086,229337761.49905735,1.0
0.03534675251523807,0.11637990714984006,0.009066532969519989,31.49993686131067,0.14719105517701497,60176809.55709645,0.0
0.03467774482233414,0.10055586271795966,0.005375811380515143,20.75139539261152,0.17274578464051082,63530286.87825386,0.0
0.05166904002330211,0.1245872815175547,0.0038943468007767326,24.17925293639113,0.0858117996080875,64855502.49646016,0.0
0.029327862089684496,0.15863570701606902,0.0016678733518367417,28.074723195156892,0.10550690121317677,53494363.24993721,0.0
0.06421524542602669,0.19237672183572432,0.005516879678064617,22.700703688424298,0.09601401319119438,58717986.69047045,0.0
0.05160021675079998,0.11148156072187436,0.006306352949830805,21.975466180359128,0.19338002121163703,60160632.33559134,0.0
0.0712436511478041,0.05455642811637425,0.0035606729911914483,26.6967790637811,0.1295974419961567,84392942.33155479,0.0
0.028204951580607842,0.11094009598705588,0.009167560031187467,30.492424380259095,0.16512185041711533,65426350.989381574,0.0
0.04886325586084146,0.14307359839513417,0.004237701199309234,22.14842966106767,0.16421352782360546,59557772.71117717,0.0
0.06991888821821804,0.1249343944864221,0.004554655720063618,25.160715734822805,0.1747633267755204,63857599.83496639,0.0
0.016938121184612163,0.14391651474838743,0.0013945023620516017,20.912959327928302,0.1408891608350546,69490482.57860447,0.0
0.05345863680078539,0.12064405707742033,0.008226574684804273,20.447566482342395,0.11286936645376017,70393433.32119623,0.0
0.033690531166999854,0.09434384515666036,0.005032204148586345,28.515700986180246,0.15493716726814594,68127900.18238837,0.0
0.057307232717960455,0.14082603130424476,0.004528833604155117,22.238693739436957,0.054156708466783346,61417237.67587705,0.0
0.03462137895178133,0.09069581491326048,0.009122082367815256,18.273951645956988,0.10856152285573442,52999487.20290971,0.0
0.06714810524588843,0.11345863446433052,0.0021076309942990624,15.090177571306434,0.1370732933719006,71324527.46337552,0.0
0.05312194092307182,0.14235310590250858,0.005119386306819278,29.321241923493183,0.18712062636606747,61349207.731301926,0.0
0.04444444804427382,0.1147414953920609,0.005815888378497554,15.569356480244869,0.1254342587501126,60022981.66745617,0.0
0.037070749773753645,0.11004653726377217,0.0030306576117510166,26.730586643988612,0.13576260331652118,69407668.41098148,0.0
0.05522837234439467,0.10294789775817755,0.008958157315601947,11.43693718094781,0.15167583684617106,77126661.16592704,0.0
0.03912362776434267,0.13122750040764394,0.009660214591302086,23.61555322115598,0.1892459886228141,60891540.90858852,0.0
0.035652892103628535,0.18144164944104216,0.006404472739932529,25.717132834287465,0.1542111449563871,58127463.21970182,0.0
0.060437334559884655,0.17949850811017332,0.0011250313052663175,25.54785790038929,0.16646262876657128,63493405.82686648,0.0
0.047254526421928164,0.1228698444744746,0.004672609960075026,17.467329849048006,0.1556791965549602,62069425.10306186,0.0
0.037046135724413384,0.162418039488524,0.001661849996097492,25.53603981020067,0.18572753388829005,71051624.35884303,0.0
0.041211477729102594,0.17531892402989308,0.00768747131362513,20.10037212608878,0.1461863563521327,60319571.92515619,0.0
0.057328537565628356,0.10640185414188899,0.0029797723549584375,25.115979892786875,0.10774011717498959,66554273.04319504,0.0
0.0647639630341194,0.12430773705796634,0.001268728280630933,24.61252850053506,0.1161010443773974,80354015.43633474,0.0
0.025432957492427202,0.04463299780450644,0.002908768542315825,24.02107364515709,0.1933433241243998,63498174.762418725,0.0
0.037962365218429425,0.1382879936843015,0.007423699370897818,14.57103780547498,0.12074981724748171,75419548.93367757,0.0
0.045195028378168606,0.14155199024198994,0.008157453806261209,25.670832079979217,0.13735668155508107,70702148.67928648,0.0
0.06118021250146943,0.14241679283202882,0.007180681612008608,18.231226626451207,0.07478846357724861,63275338.64683899,0.0
0.02075534087345118,0.12933864387033905,0.0005293593556881827,22.224453860358253,0.14411228996927952,65371065.79757222,0.0
0.05304979128790929,0.08717260482122603,0.0036672190859379904,32.143800810183855,0.17326893459882023,67110742.61194906,0.0
0.05516888807008903,0.08984039254103096,0.009200400525459037,27.365727266338936,0.20819304696586602,58652253.69253742,0.0
0.03734975401717879,0.1484621815361792,0.003156332153671523,23.06017515546274,0.12778855589595856,60322783.01609149,0.0
0.04221511535004274,0.129994392620018,0.0018015864773261924,19.372064429840155,0.15944569639516404,67482740.99446262,0.0
0.058786147244816525,0.1449449210101466,0.002650472874092833,20.95137582116358,0.19192815870701102,68122125.91068067,0.0
0.024310211579782092,0.11381290429094762,0.007548274583623313,16.3540855524829,0.12884334483581378,71520745.6766424,0.0
0.06393876155140774,0.12486711395286962,0.005242547205377367,31.15351452492235,0.10278158059071671,70119099.81325896,0.0
0.019748427116685747,0.04735441968225132,0.005712129177515172,23.58424057560062,0.1447555464527807,72350215.78901233,0.0
0.046047031274850284,0.19082621767303737,0.004490785141348759,30.930727370211493,0.16002512928413207,75725231.39690158,0.0
0.04813295392507133,0.12888088815231008,0.009176472779044334,23.62598847623656,0.14529380273591344,65028873.3527756,0.0
2.171678536449628,3.2207423969185687,0.4431110123584957,12.434744451149577,1.175525709383163,351611754.34308624,2.0
0.04450870094676002,0.08761013808791443,0.006929202292247886,28.429289093042094,0.26460848092343847,55157063.439066686,0.0
3.7407212402802283,9.82226447604269,0.6086400668335836,1.1700131521665609,0.9021647685975495,355395928.3062899,5.0
0.05099531927628962,0.08623531009872498,0.009814214249220252,15.292160996898893,0.181208068847443,75577884.92693982,0.0
0.008641810100565653,0.09662771552358898,0.0016372895787917098,28.494078351402383,0.17528865256127402,55517743.93062745,0.0
0.02618565865246126,0.11716925257470885,0.00693400853429044,24.778633400776755,0.18823743289323047,67908720.07407014,0.0
0.06998211666693865,0.08386166337653611,0.0034096197364298854,18.274927580346656,0.18903293349154254,60161581.896446176,0.0
0.05784598191485208,0.13051660258637898,0.0063532334670832104,27.666036589496564,0.1729616772353612,74212672.3412822,0.0
0.04791134989347461,0.05253145972290364,0.00569497258518576,21.841742377431782,0.16124846730336262,66411489.44106447,0.0
0.04339454460068163,0.10707530012638289,0.009399243728857089,28.13217336226972,0.10881215041467757,58834001.33773207,0.0
0.03333274968613687,0.08108115409790426,0.008890006108146659,22.154259006637332,0.16901034418869246,68819669.07470953,0.0
0.03636543260643339,0.07885418880313019,0.008263903116005552,27.882256725612113,0.21389589172886492,67600511.23313636,0.0
0.052630875348449006,0.16732709376035004,0.006995278704025719,23.174236934008935,0.12061027146109163,62687512.944004886,0.0
0.03531053731313197,0.12158279481499938,0.004360704802193126,21.567306234231154,0.15339461833444415,55103186.0983119,0.0
0.036903604795359576,0.10449345926050312,0.002600480402524339,29.10116199152992,0.20981832980971826,58730147.26493744,0.0
0.021988287438965665,0.12805247657169908,0.005046372879774349,21.164662722998496,0.11787556664186741,75109584.91198117,0.0
0.05874491512053722,0.13169617460357141,0.0010948236606899398,22.811313387978377,0.12435340282412598,67192927.51366015,0.0
0.06680076715676551,0.12012934851467465,0.007352285181015961,19.264202444941443,0.22941521581041174,68146993.18431629,0.0
0.028987006286185904,0.11438739716343092,0.006860911539434869,28.51266656966928,0.17676340841070096,65766362.30250292,0.0
0.04664092191907339,0.12300625522026656,0.00030353805533004264,28.36194668805691,0.1476466858347391,67127181.2875643,0.0
0.04211458552828316,0.1490316194676112,0.009095484730121384,24.112020026206306,0.1689853394226717,54574073.005966716,0.0
0.04673511951439288,0.09839613847085768,0.003682501073951331,23.847068007381935,0.16967973947345985,70814620.91973482,0.0
5.834411884371375,4.56449128048251,0.6039614989763128,122.66052868443666,1.0056158749135335,331536961.42178285,5.0
0.023538373468229276,0.16301431758711715,0.006628597876346657,25.283708416484096,0.13989500524789453,58386446.238376655,0.0
0.05120152354835551,0.08201973157047707,0.009833407684142266,23.825378642395126,0.1547035451954881,70923200.93741693,0.0
5.700758445160957,6.600285352369012,0.5775628105528398,71.27645902970012,1.9383347646470446,289329358.4525378,3.0
0.05269901149670034,0.13511728906358791,0.005539932555031309,26.55745429398895,0.1948599684739971,63265010.630994685,0.0
0.03543390023623026,0.1335213161234046,0.008508527573220955,25.46188395819962,0.1573205171324593,72567059.67622632,0.0
0.07281138849501281,0.10137410029054836,0.006452376445533317,22.821177515146903,0.14067166007174423,82296627.34666216,0.0
4.098296702098909,9.761651435788014,0.20554564023125924,124.33428381195547,2.153680695240706,462743385.4625102,1.0
0.06080462694911759,0.156070320496842,0.001283499266146948,36.939838527623664,0.1794107723989995,58106291.48143896,0.0
0.031865726199228644,0.12725435652896303,0.0028255026751863887,38.515137822025416,0.12092903448664627,55141263.017002635,0.0
0.07978994309972541,0.0686625183284513,0.0019819638642166815,32.155760588808704,0.16668381297692983,56795111.08408867,0.0
0.01536800150469193,0.08542443306847378,0.004873748079212449,23.03194208983495,0.17839730992588948,68613899.15057369,0.0
0.03801405369644614,0.19809550511674212,0.0015577326058017016,19.008039375239775,0.059015158751752006,55178296.28278343,0.0
0.01930298206363684,0.13464393773110392,0.0022833125236861084,29.868631154261838,0.11409362458899783,66093666.01110492,0.0
0.076995500619844,0.04258483310346725,0.003667983206462684,30.624662726516206,0.10763153166508391,68534713.78393704,0.0
0.02557977786418641,0.1323376738924908,0.008008180998597503,26.788306833155445,0.2483948794011752,66455200.71610532,0.0
0.024989617576226933,0.1465899303419459,0.005018695310245037,18.949197485095574,0.19659963530255692,58910139.54516321,0.0
0.031089702987141386,0.09161496977299043,0.00697013013934263,25.714953174046084,0.13871037632307084,60283350.83568452,0.0
0.0395855075127138,0.16331033471394488,0.008677020979192391,19.42959320883456,0.09048553186037508,74942233.61065613,0.0
0.03518886475308864,0.13556708327410583,0.0007787898909129077,21.443483865252603,0.1602713302929889,67005130.991532594,0.0
0.06593525716184934,0.1365039833146372,0.003555297971520076,28.43428955506128,0.133836187526704,68746001.90995023,0.0
0.05166394967229059,0.11777663988846257,0.009277457330754073,19.148596468016127,0.1305728502169981,57184423.3820917,0.0
0.03666784321259618,0.17505569038251997,0.003141620638369721,29.35762193043967,0.15602409971378534,60529502.833971515,0.0
0.05484830412950745,0.12677564689786405,0.002423536951367623,25.623760498319673,0.12978040978221955,63468288.13673153,0.0
0.05473064831384464,0.09030499780332148,0.003037350462250994,32.91058375651784,0.07076654116309464,60640893.592268035,0.0
0.044465377765537745,0.07503955070050106,0.003295304137739967,20.92565925545328,0.15901026727934398,59976888.38787721,0.0
0.03438495801571829,0.1088799716135318,0.0042914949195832185,28.45809287560694,0.13531051996802856,78312441.00787929,0.0
0.04279413927746792,0.14557674416732835,0.007564510879889118,16.285262347566675,0.16882039389514225,52517507.48083116,0.0
0.032911949002557166,0.11698756075231874,0.007453977391415395,14.874800431619136,0.12689862943923147,73861211.71275485,0.0
0.06070647453918232,0.10626351128786944,0.0051801534890851975,21.39514945765052,0.17706029905759899,63810454.91490355,0.0
0.05633086838738634,0.12950233587889767,0.005708539362787616,16.627652697733772,0.0927458061178229,61405399.95530236,0.0
0.024496819523768684,0.1280148737360769,0.0005282589390860249,24.443405756010996,0.1462438572514781,63502600.53825228,0.0
0.047968661751939715,0.18470130916537442,0.004109425523501099,17.936371205497217,0.13081124412935455,66041838.229929805,0.0
0.03559549413318348,0.13933049781878332,0.003116529166546489,18.317157498425402,0.15342053318558396,57802076.2519394,0.0
0.059627964446736445,0.12905314017493857,0.0038646256432793525,23.648166516194152,0.10348244052588348,69793706.70562576,0.0
0.04683014721968042,0.08867255552031883,0.00701499101465166,17.45722015893572,0.17578759213136932,56809091.46814579,0.0
0.045511252023888386,0.09523309368122908,0.0010682099296399062,24.459305048042918,0.1902921742989305,71301671.77410299,0.0
0.05314947043554582,0.15747136959927152,0.002626954770019353,23.469930228212956,0.1604306726993225,73911301.76027422,0.0
0.05092007294734471,0.1262212537193811,0.0045221510010171806,26.620182213532665,0.16782711628327696,63087751.68180363,0.0
1.5704129307392969,3.797733869507066,0.15526485303715068,56.05208321642398,0.9162299904729267,327755214.134889,3.0
0.05315040288569903,0.16093564973497207,0.0016144768603292103,24.401901878156142,0.15973900308547082,66292558.90273543,0.0
0.04601292307031886,0.08245399409910677,0.0017909493932818155,26.28085302847139,0.1598045713749047,69156510.15595166,0.0
0.044722302960114146,0.1510410586534055,0.005383631021010228,28.46961616595629,0.13566385697948447,79135054.35999852,0.0
0.05089976759091558,0.10245092485900271,0.008743980317083308,23.699818749097776,0.11061465251928178,63653401.46064412,0.0
0.06585311323525969,0.1783528439042898,0.0001802900895891224,26.826971209625704,0.13020141796437196,67221443.19109352,0.0
0.031444472089048076,0.18721286257504915,0.0008476615442633318,29.729440782773196,0.11256675080837737,67567677.78524052,0.0
0.03266669406650353,0.1237063058590332,0.0032617025412825353,24.119437830200688,0.16368424158601672,65653067.9104892,0.0
0.014411517333598491,0.11749402618496765,0.0008322306620807229,20.037109966355885,0.1535758111572645,62295313.67961427,0.0
0.06550311401166786,0.13756239576586407,0.0013443342736955,35.49110737273374,0.21169106510645208,69367968.05621214,0.0
0.041447720898899865,0.08519777188870206,0.009226037570939578,25.06521687188476,0.10316300424770185,76122673.19456112,0.0
0.04828725491495908,0.09775547555084588,0.005372756736680381,24.838615529486912,0.10279073063198518,72176400.50350572,0.0
0.042794969975572666,0.16614058136984342,0.009361630415509966,28.47966050470425,0.15779820369648748,80728014.1267207,0.0
0.05428731391507796,0.14854253578554918,0.007619343757430971,19.179746837970875,0.11532461660466133,67379520.84975421,0.0
0.04796399407038599,0.13254587663733672,0.0043206728506661775,24.961555021393153,0.18867826581379266,63048909.09695208,0.0
3.125592573184547,9.782312019798265,0.638005997427065,10.238017181298943,1.8907457467672666,233237505.5032792,1.0
0.04008506780103348,0.14479063465203723,0.009164891511155142,25.455468031279565,0.1635597405523768,64736906.84217366,0.0
0.060743290729790025,0.10424954997014652,0.009962244930446387,29.786524112967655,0.14117084972166533,60791257.935417555,0.0
0.044296191316812235,0.053071075860307806,0.004923670487012489,35.28905588548881,0.13733281816263002,55202205.03789449,0.0
0.0559144431545547,0.12252129014493106,0.005172721697543106,23.1716145873474,0.12113723670639882,71211988.50055267,0.0
4.409687777111117,5.842087753317534,0.6664371356328508,23.174210573464233,2.296108303490018,451910140.9167842,1.0
0.06128843348747367,0.15151395059382722,0.003759712219291391,17.806399494715652,0.12462901132730744,74280317.88465911,0.0
0.04989199533363177,0.09876548968321461,0.0011396588711924116,23.39420480647149,0.15342378815778102,68428782.67635491,0.0
0.06616398569619406,0.15744200092443475,0.008589805471222203,21.944114239903364,0.20387764977555983,63767454.83312507,0.0
0.07196529790274284,0.04705604711754939,0.009287634212054923,20.947356850891868,0.1744907924042157,71830900.86815275,0.0
0.048483805457415055,0.10936958899281674,0.004467264687026406,21.259519676891763,0.1277887801237868,60679277.56501596,0.0
0.05019732713846989,0.11456593329113379,0.009658366688075836,25.90994941311399,0.1393974001244568,61331676.36604583,0.0
0.05564177725708559,0.16181670016569283,0.0018849985279556114,19.215293013852644,0.10982648694824373,62471717.68675316,0.0
2.1876261419322747,7.936322852421482,0.6830590230864576,27.841703809034627,1.5503159166150053,405417744.2405629,3.0
0.020085585997260128,0.1414364077904761,0.006707650254430358,21.409676081908678,0.23311110340793778,75049673.91420716,0.0
0.05007744611241621,0.09879487127343872,0.009581381198044962,23.861401925821237,0.1545588267251109,71175112.9458293,0.0
0.023873080554546604,0.07836166693183735,0.00034376858351725214,30.470897737607377,0.17168812027636193,76509857.08238223,0.0
0.03422389101646204,0.10946990885007107,0.006392018293899598,23.1569031710715,0.12606882663208607,75807895.16004571,0.0
0.04351665520213286,0.054199648813228266,0.009891253191087334,16.49167070856292,0.13777470230372818,75875430.34033565,0.0
0.044656979065516765,0.1218081341897878,0.0038360904035515844,25.12215920089017,0.1366780951609791,68925456.81079732,0.0
0.05337490368782583,0.09877238141244911,0.003773484772303116,24.334984180349682,0.14697315709371744,60613817.13476197,0.0
0.028776779945784075,0.08765183995060934,0.008939335106699905,23.709124309842828,0.09364323589237901,66793758.44482269,0.0
0.038685232787696054,0.1365200794821746,0.005045029240548358,23.067291920511202,0.19666113344884012,69363518.7350586,0.0
0.06563560219967429,0.12549405363389518,0.007718360352301099,29.850875412839294,0.12773128408571346,75450317.37782973,0.0
0.060759815940114176,0.13931092799688222,0.002343250656505268,22.667129643986115,0.14500313618705737,60236358.78436932,0.0
0.037259329076739386,0.15818431488150886,0.0076003490180317395,18.673707954573924,0.16724091832043572,75228465.68886559,0.0
0.04141577929700385,0.0807109317814455,0.009665584393805441,19.42588906323793,0.156609602002597,68637021.98499076,0.0
0.0385967839507887,0.0878459720979867,0.0021745293221723592,17.27783075875878,0.13418865807935276,68685433.88931803,0.0
4.752272751200822,9.162038841094011,0.43362413918177345,31.809543727770567,1.6136705843780328,321095589.7014636,2.0
0.03371765391614125,0.12926713588422928,0.0030835212167619874,24.68127357248017,0.21353788704960447,61339311.16215303,0.0
0.052031613841125354,0.08006470215865416,0.0016427044945592807,33.46773566706836,0.2007702268759448,79310416.96931073,0.0
0.03012911475815539,0.07199142059693368,0.00805119208754665,23.096182980690976,0.17620934514055042,67446989.48906331,0.0
0.051444273286988786,0.0844160904998226,0.008212594203728454,22.06071847546,0.14867898945121757,74949315.95520166,0.0
0.04447932345442135,0.11074198055412862,0.007621745871816446,29.819534670379312,0.1971301139019201,62985490.59798409,0.0
0.01738688653002532,0.18332572224065885,0.002635514794967778,31.885904682522806,0.09337903732345174,61746920.00923515,0.0
0.05380040702212912,0.15739327667929057,0.008455108108405605,28.92592541155188,0.14533714614186685,62345746.59259167,0.0
0.03976113443522357,0.16453237250373687,0.0037582121900794096,24.980979331646004,0.23842758904063055,64878934.04530671,0.0
0.024833242334485844,0.16308060796041574,0.0020588198817832115,22.578708240345847,0.1419064437251965,62348771.1971096,0.0
0.05627899549030161,0.07662595618012845,0.004336943313203801,16.130151919439353,0.13105418169395236,67272826.43004079,0.0
0.04520893937869419,0.027748829134409264,0.00766245472760379,29.25562049190119,0.18440730553580625,74935993.9932839,0.0
4.890246517139261,5.690862516406295,0.6737239714602756,128.41633838951742,1.6032443985909537,265157201.80669415,3.0
0.02017714992201346,0.10967185300167327,0.003909174268411622,29.16801602418674,0.20860842013925524,72569559.90073465,0.0
0.033404853242168,0.11714670644144239,0.007008084180017403,22.506830521057744,0.09284381573953092,75866781.55304138,0.0
0.03839933269954524,0.11180930493125565,0.00036461050825618456,18.25911477286255,0.2267442533550483,63755345.88954467,0.0
0.045888276510217325,0.13871201801428523,0.006933775385188524,25.629506941974796,0.10929660891146496,64577743.68969816,0.0
0.037469186634710834,0.10950566313037917,0.004301427320968263,27.48894154708889,0.14899245265882083,68117162.59148563,0.0
0.07948347185428875,0.08293823445301898,0.005963464974967759,34.34301609581501,0.206454274469825,72619329.74302265,0.0
0.049287980860873576,0.11882356023537004,0.001466145571598423,24.214875857776462,0.14669209019926405,81153665.14243041,0.0
0.038090418435603186,0.13319851378657652,0.005964670754135437,16.839925574867912,0.14667642689027266,69733007.11792026,0.0
0.020796579031848884,0.14523973768909534,0.0015585153655144346,24.74440653492311,0.1751895805763495,72244131.7373168,0.0
0.0430104938042614,0.07276483259569635,0.00554620491211145,31.45230370688175,0.08139280117186318,67073615.77893443,0.0
0.014373976973635641,0.04543017320674797,0.002814773024509194,17.79509182737541,0.19947329864509067,68792780.92891416,0.0
0.037235830514457426,0.11103370866266168,0.009840894639665141,27.08400787241557,0.0706124823421636,63992814.71820767,0.0
0.059588316744400946,0.10114053503325415,0.004778673549131358,25.669791902901178,0.22557115182015985,70864412.48185132,0.0
0.07717723691660082,0.17793924895809032,0.0012711049086702399,20.987849800675818,0.12867983672694663,76046294.35976845,0.0
1.8312821769015675,6.284714621093777,0.4100201692181009,141.78934007227087,2.221379291318381,302918145.5010418,3.0
0.04148769937914996,0.11624442495985199,0.006912466637859893,21.716553271862935,0.15056019869485524,67228713.81990772,0.0
0.03529594833441639,0.13153280574505533,0.003612160589758118,28.039201693675043,0.11086937402935039,67857112.70568979,0.0
0.0542305122601958,0.12164272157211294,0.000861161105063738,20.08837863861612,0.11053363889103557,65004718.653974935,0.0
0.02963418537998565,0.15990521634824434,0.005049114512501392,23.127329246248745,0.20097760911395612,69885819.5884837,0.0
0.03706420983980557,0.11234713528977373,0.0041366552358320695,16.863441360263423,0.14314017598447043,73860484.96186492,0.0
0.055623216348848356,0.1500304968355751,0.0032061990655022675,8.894918220071432,0.1586675638999069,57739284.764091834,0.0
0.04366319940730817,0.10158878050663468,0.005126152441031999,18.220148275700183,0.1693116049624127,65208613.83294955,0.0
0.04589445554880261,0.10005584751164344,0.0017396370590333865,18.802059937374857,0.11851854884266803,61477527.76856378,0.0
0.03857827258551131,0.09037894078869924,0.005330552900947112,17.888851752468966,0.10904976209168596,58022420.7307896,0.0
0.030024689388918134,0.13198182420713675,0.006283471175494444,23.141104942382558,0.12173172926507976,61957938.56572132,0.0
0.01687241295531383,0.13866757356469073,0.0024781244290690684,23.89990986170163,0.18061608624053396,59336707.498848565,0.0
0.044686476090537774,0.08652472681136969,0.005464070742121321,22.445054149021363,0.10291094330195158,56837959.12361128,0.0
0.042622056404595446,0.18794261027623121,0.00297214113845096,28.88468351465758,0.16623296346695257,57263738.70003879,0.0
0.032952315739794825,0.10682947462762513,0.008898363940883107,20.97004134470292,0.15749837528355642,74783331.33006601,0.0
0.057202644540009576,0.10417683835084218,0.0037698616728684166,27.383255204002786,0.16804904064544396,68072254.44306467,0.0
0.04945477009849779,0.12543167393506427,0.008979552161850191,23.982694294598474,0.22774115524488786,64998693.71770015,0.0
0.06891757594837458,0.13489214766340807,0.00791310714312667,21.508690756243038,0.12742840589123922,63453856.62577073,0.0
0.058423865654166615,0.0776683072603418,0.0023568253457588494,29.035232083033435,0.1152492982170836,64797950.84703073,0.0
0.057441083717752334,0.13063365084617065,0.0009244951703706661,17.606114380768574,0.15773625468758867,60567371.481454164,0.0
0.04986125954092192,0.05794386361275914,0.0019668819731282305,24.768693913668287,0.22934534609744078,62566659.20582991,0.0
0.03183026119865158,0.11553208614686335,0.002093483993840988,34.666798738571785,0.10249787332899839,75075034.27242665,0.0
0.045276508995980895,0.16911794895438167,0.002574792164924693,29.312717423075853,0.061257201361956004,75705292.3164794,0.0
0.03348303652343807,0.08920649762742809,0.0012985701341788104,28.41662255758046,0.18783718341081512,82469891.16882509,0.0
0.060598570310941145,0.12470037740367275,0.0007252231695448142,20.37303871178522,0.06434276478721179,75180471.35717003,0.0
0.05047441503699338,0.1563432597856761,0.0021208123747737772,27.54844615612328,0.21651725788759352,74865992.73550433,0.0
0.06576409227765777,0.18142265750765346,0.006659471660804642,30.185907028245254,0.09542116585530876,68101656.30755554,0.0
0.04087422454272534,0.11454356377221664,0.000393618798197295,18.8372984438986,0.17131132837290497,79410274.37426364,0.0
0.03478422513787679,0.13604353462430194,0.00915814348190744,25.929188144513766,0.16188640095232887,56139562.98309892,0.0
0.028402111368874945,0.13363649620798163,0.004091825874584886,18.122445552156286,0.12428894468400208,69837338.42892465,0.0
0.06356724467960193,0.06739218943840636,0.004743086648684303,34.49367490677619,0.14804680656265187,74064270.22869276,0.0
0.044246428358262944,0.17382761714443934,0.0030321978384425055,26.34296790522149,0.20752676804582806,62831563.50783973,0.0
0.04645493947489077,0.10745809467925721,0.005817215274734768,21.297549468339206,0.20043398079997238,74346174.07209104,0.0
0.023815444479970627,0.10347682978060053,0.009536326078296894,16.265521543272225,0.1764905192863848,75450617.66663837,0.0
0.02666808286662082,0.15837642318338094,0.005041328419184384,29.317641212607604,0.07258280161144774,62152720.47865345,0.0
0.026687345250434664,0.06739603850616963,0.009380641395681313,33.37429836457032,0.12483848555185556,52808083.3124018,0.0
0.04543117234402226,0.13224300085987675,0.001303204331723359,22.617242883903792,0.07972525202393992,56071155.33504204,0.0
0.0385604666322411,0.16170976239874726,0.005334802087447829,25.265296564663096,0.21098068724463612,78146777.61373481,0.0
0.03715709959270097,0.16695165704358084,0.005807559990556591,22.144080129579066,0.09385765481745348,74308558.19678709,0.0
0.05878731260415002,0.10431213842949477,0.008587449685295801,18.302553167356706,0.11847694984385315,69555476.4602211,0.0
0.0428643077246806,0.11358811834478642,0.00597808013401514,23.691208548894526,0.2098012123894335,77095750.49352725,0.0
0.06110447624789658,0.11023908120472352,0.00832391041701908,26.456013775690163,0.1390797300790966,74016238.31340489,0.0
0.03923166683655262,0.14891165100045273,0.004983330282942372,20.028224671845635,0.16173408145291934,66867132.82538086,0.0
0.032124633297281796,0.1260143768927736,0.00039947973286094343,29.335937064138694,0.13380818482318826,70294015.75157861,0.0
3.8957940925211085,9.378888522884576,0.23444601803469195,64.09061351213822,1.1574502359682721,387770975.22246504,1.0
0.06223148550558155,0.10148578021775946,0.004801835152618878,30.594472989653347,0.1287142443930759,72477796.41119173,0.0
0.06546210644960766,0.14029500498532962,0.00853284798567202,32.12313866038622,0.14836329859219724,73097302.03851408,0.0
0.039982481462385776,0.17214522035107288,0.0033632339427033353,17.74536054444388,0.10799780840707254,71156650.13847567,0.0
0.045855196873456266,0.11811333028479913,0.008668214856884892,20.96204329950852,0.13641879373336052,62385397.57238984,0.0
0.03368586224970963,0.1357226552449762,0.008254398957486288,23.594179787677213,0.09588536444143844,65558005.363546915,0.0
0.053396856718965595,0.1317270310179441,0.008696958848516338,25.360766184108808,0.12170241820751249,65964472.05880399,0.0
0.04605078244669772,0.08535147726067951,0.0015484139464745496,30.250245207767133,0.11246131577035659,65391655.26321707,0.0
0.05822459635424176,0.15623372671533134,0.00615069754014698,21.753175901930597,0.18402877577842586,64389471.39005959,0.0
0.049396087099480214,0.07289451767843746,0.0012344986581035511,15.163374678870028,0.1915205010926385,59281293.74769472,0.0
0.06493728795198647,0.1369356827915814,0.0010745055262890812,28.70911147195063,0.20055423756385554,57743395.42459626,0.0
0.06283524796661327,0.11472068009516566,0.0003342357243550376,17.337408615851682,0.18982775017481449,65141672.2146149,0.0
0.057266494488004305,0.07876856964182666,0.0007748362655548269,25.963257663240125,0.15807996043029285,70443568.51901162,0.0
0.03733176485353222,0.13689407605232246,0.006202348489611205,27.208733681887786,0.11701398638837249,65904414.33627668,0.0
0.05569497645258582,0.09810129493763256,0.0032280979344785033,25.857346587951955,0.12803364232944894,77553024.96190968,0.0
0.033791824812782645,0.18640510431705892,0.0024665644684477785,28.333139417284453,0.21274075941890216,66604251.48505415,0.0
0.03972729773938037,0.11267401631472235,0.0056920646312942766,26.60645735378694,0.11239936271504983,67049616.06238167,0.0
5.868559457560632,7.708541176026598,0.39569776700733106,72.25746829658426,1.2982961166792777,364530200.0419589,2.0
0.04971370998892911,0.09827033406121094,0.002739880994699718,26.08901169874363,0.14796796845521865,60277157.98059395,0.0
0.03650553405595842,0.1633631223528803,0.008450396488966425,30.919937215984447,0.08048781536614001,53090265.52422042,0.0
0.006691182976470679,0.1354457503094736,0.0005592635012822566,18.65354447378448,0.13590185073449032,62646699.09408889,0.0
0.040363253036962476,0.13804698309553848,0.0072268357447448665,26.345904601275798,0.121060535103208,71966508.09013465,0.0
2.6445303940992186,4.308366743789541,0.31629636830651686,98.24155280009008,1.8573351871690016,243554605.59081447,1.0
0.05065817812596781,0.11782985967218888,0.0068667861172412945,25.26263184107658,0.17416429821756177,64483825.56239811,0.0
0.05678700237976248,0.04166190683362596,0.002717175988981797,23.792847176375034,0.1741620657968649,63427523.459074885,0.0
3.7531348250788943,8.718883665663487,0.7056044505619504,31.064731876316618,2.180084499136368,514771681.41333765,5.0
0.03830227571899468,0.1314360667610812,0.005353477680616567,28.51571271110002,0.12479428679430613,70642543.13086618,0.0
0.05551759113466347,0.11276860521063836,0.009471529360063548,26.679840867202884,0.2013641878071559,67160298.33417255,0.0
0.041292339262191044,0.1468872525821108,0.0007006869572118946,29.79408153233836,0.12838494644051782,49470971.014945775,0.0
4.876750171908157,9.265229261236186,0.48901066134366633,105.8730115288418,0.9358864573060568,357329626.58197725,5.0
0.04752691464404421,0.14241900272761707,0.0052817772142301714,22.107701355618342,0.16111929760875687,41787374.52596085,0.0
0.0333931620134464,0.2232183048858054,0.006812821105324338,28.989253506910693,0.12684192970604308,69280569.88540773,0.0
0.05438501021647509,0.1200184785599809,0.008545473932021803,22.944875317484136,0.2013117987535592,61468417.79937003,0.0
0.03659728439704545,0.11331836728954454,0.004856342984133404,33.83255900163817,0.2461935016901589,59497657.16543734,0.0
0.029441307685103155,0.08773490654061403,0.0014281430447286737,13.478940320280167,0.21303503238007876,43604726.19290131,0.0
0.052696586972641235,0.07194991919816275,0.009673281113534698,18.179470030908206,0.1353463329144897,79153701.02148268,0.0
0.030382060429940377,0.10546751812331549,0.0090163122948636,25.275996212650448,0.1830369433212261,81414480.30674452,0.0
0.05136091566696134,0.08901629598565221,0.009032736222389141,24.478207752809567,0.10081894995130455,77001240.36616299,0.0
4.9576424671167025,5.161906663997214,0.7355360027375393,144.25605617031792,1.4333545672297008,259168698.05838346,1.0
0.030336671328021734,0.13192062257401738,6.183822640896674e-05,25.1718765451323,0.08536614116132671,87254807.9115885,0.0
1.7896869758176783,7.598252642582793,0.1510348932659044,44.87937912485777,1.7518805347704536,480063335.77256113,5.0
0.05019755822596073,0.12945200754369976,0.005862354987807616,25.36126024118958,0.19542482341965903,76490164.24100792,0.0
0.053648354445836495,0.107408097397382,0.004283518005688463,24.465142650707598,0.13000510278356592,70528813.38795024,0.0
0.05210749381367681,0.15060362132494545,0.0003926505164866023,26.24708843842521,0.13122614134293153,50952591.064368874,0.0
0.029778649039606996,0.09890127704756134,0.007939550847155906,21.262721730208938,0.1250066152626207,59890982.983266816,0.0
0.05160712106940599,0.16478127260802128,0.005469155137931242,23.709772421944194,0.0554057850883395,56423142.02368061,0.0
0.029807533194983644,0.09242756868321163,0.0003981143944575383,22.4112127638889,0.14770410144852825,71898303.6213196,0.0
0.021079453990998066,0.15111629927979622,0.004582048052522159,27.185633898655258,0.1222478232839271,69007141.12333643,0.0
0.04615232836590383,0.07210897364085161,0.004639362634548909,22.42414550453991,0.1822670560865745,73289282.89138219,0.0
2.4393414004277547,5.264271343113476,0.22146003456561336,108.0306416393179,1.886661107457602,265366638.10076073,2.0
0.0536560819077081,0.13029784451547227,0.007721520276158382,13.882129160314015,0.1117576579326642,72200267.62025301,0.0
0.005,0.13024504187496486,0.004657255776674976,20.03203498034276,0.13758412784976123,54295589.44837179,0.0
0.04797127141151782,0.131473741049508,0.008116270144448535,26.689777770725126,0.10378192824729361,73008184.68839629,0.0
0.06120072098571973,0.07891420124568596,0.004842131393476417,27.403042966736738,0.1492351128058517,39992139.752302736,0.0
0.051362489196028746,0.16535551236520551,0.0014431204368748152,25.55564687648256,0.17940528452216364,57464133.62956925,0.0
0.013172176514871084,0.04335274032575062,0.001948404916553641,34.560027345263485,0.07927372352987072,74479555.10546193,0.0
0.04244723066212607,0.1352591386325016,0.009507447132126718,17.880209439011967,0.19430884383929795,68633755.5019305,0.0
0.05171562840025972,0.1267937670833675,0.004051971425753297,27.469886911028226,0.1454563135319214,64151491.767809644,0.0
0.06923374235322347,0.10856563253847726,0.0030276760761742505,25.167217339865754,0.13609900229924568,73641696.39009689,0.0
0.026432767517597263,0.16804969661367855,0.001066236189365979,26.91326775738746,0.15007132164418435,66846624.25113438,0.0
0.05522251046058936,0.07407232822990077,0.0019249315063582706,20.696215991490902,0.2099204708121771,86592322.32791305,0.0
0.03829017156511873,0.11307217948553613,0.0006360143637779736,32.232816456256835,0.1281615229154029,79761491.6134297,0.0
0.06133425895451049,0.13914916903113234,0.005286566039892756,37.50450248967141,0.16175797551772647,65537423.46439055,0.0
0.027735096338665458,0.03143993670387844,0.007635158436682122,22.43732944676725,0.1397179036474774,65489174.169331536,0.0
0.045654036695586805,0.1560310118559425,0.003840190739649582,26.714631886606714,0.13771015097353073,59971981.02859588,0.0
0.02429847812677663,0.1217420790513336,0.008777494048626249,26.011402038106095,0.23177926228799778,73366966.50018328,0.0
2.352064756334364,5.940941879281703,0.4435984989745415,32.978362585891624,0.99426395086451,281374851.15832114,5.0
0.045480062235986496,0.0980293132870423,0.004965154222306049,19.350750713907203,0.10725916983670244,77572005.38239492,0.0
0.055193966234020134,0.1451365003997777,0.008051743973603767,29.762309852680847,0.17523502414384623,67286892.49856947,0.0
0.015604948141803365,0.13636926101179014,0.008874689402128823,13.993782632745408,0.15060111001148388,63082599.369471624,0.0
0.023900083547276664,0.15157970108253266,0.000652767575664639,27.99049577523733,0.13478176383334595,84339840.28696935,0.0
0.05825489906230008,0.07983080135645164,0.0023301896439683477,23.823630450137806,0.20709314606379076,75964669.22173518,0.0
0.06300620861916638,0.0796327321291414,0.007984535050511905,32.311273020173644,0.04964171286019696,71236093.14428052,0.0
0.036362726390329794,0.16325340670024285,0.0018430139695009907,28.48987015065049,0.11496740701414826,64267902.06523828,0.0
0.05806945946185866,0.20062735632366763,0.005084790353080261,28.573728249444727,0.11093518736545775,69542297.67558499,0.0
5.602819687248091,7.219108603553213,0.7252459781450624,59.57479172039669,2.1697185991823376,457426586.4394702,1.0
0.03937768788675604,0.112895677691152,0.004639854174403808,18.91298103251524,0.14517651246106122,70257609.3499551,0.0
0.04639267351711672,0.1258820932088387,0.0075678922290239705,28.30229976175775,0.1365933210709446,69760400.83324558,0.0
0.025573818419045758,0.1219226938849947,0.0024165892081918516,17.526219267751777,0.13693409747245552,76775465.01158512,0.0
0.012409956809789457,0.11373173502443452,0.0007541217599278827,22.216106135783168,0.10649005298585326,53908306.99603729,0.0
0.03246979420110364,0.15670474942457974,0.00593575254414298,25.097998082888143,0.07882244298306276,71438753.26342517,0.0
0.059726482304873915,0.07792476658733688,0.006451500833009034,27.65341561505024,0.21505722938435437,65865480.28886749,0.0
0.05891760192121855,0.13457561133355084,0.006507243843338003,30.98584013623927,0.15844837596897826,66386083.88425415,0.0
0.06814865292408283,0.16845862166578673,0.007097370848010202,16.14759431111961,0.14042907411392594,57120164.24997395,0.0
0.04056897884791456,0.11887017861326854,0.0011706441298186265,27.687393523032142,0.20087598181695773,74934557.43974163,0.0
0.034978643195354264,0.12648114378904698,3.918374951093262e-05,28.408717044075708,0.1501224046695429,67133408.78749487,0.0
0.04162716027287882,0.0626689829897394,0.0026766843719429755,27.961647735066716,0.16956713402551174,57327963.618207395,0.0
0.05907425708963997,0.13353829822412208,0.008205075042321092,30.20477086898895,0.13847748806594884,68940422.18866912,0.0
0.033012119900246197,0.12179192656583798,0.0015690262414612011,30.816880275817752,0.17742477496873932,50975756.475770585,0.0
0.03037977494659018,0.149781428675879,0.006633107095040019,32.57722404176124,0.15835414170137327,79654629.03323038,0.0
0.05014088019566556,0.09487283882383393,0.008230035744469347,25.366683723890684,0.21983435881092545,64790795.53330972,0.0
0.030262689096925355,0.11801940288850364,0.006268329044150672,29.986327838294365,0.18701127570867326,47347790.85708973,0.0
0.06614021160278369,0.10229886535083221,0.0034961439880772218,22.262962386165636,0.21007811860754383,60011768.83387844,0.0
0.044637065904136256,0.1665968671695941,9.969234734518496e-05,29.81172584633285,0.17123468648268594,62939285.5325103,0.0
0.048356819274583476,0.11154758939452274,0.0029224895673938787,30.835603940016487,0.1393145005623298,52210845.11527749,0.0
0.06866179919645211,0.10875650318587309,0.006826711524627593,34.39937274710504,0.14944107086095706,67652373.23797579,0.0
0.034799629176322636,0.09696592288236601,0.0025217287749552996,30.450917355102234,0.19238262290493588,72234898.28317778,0.0
0.028414429972710962,0.1550638698788678,0.006770378148820103,26.57222295437426,0.1457048552635982,47458731.47683377,0.0
0.03582346363642072,0.1225618946850593,0.009207564510547337,25.690392042087733,0.12286661482658026,60080694.76650345,0.0
0.03253574825383443,0.07981078489365835,0.003164571308744162,23.67381229764899,0.10057187911802364,61674117.32809287,0.0
0.05946130752432536,0.13564053752809443,0.0036872515547084596,20.509863868377707,0.16329507334078439,62748179.1264962,0.0
0.04996320348321685,0.14946942934082444,0.0016885928936703533,23.485573781005034,0.11998359488981375,67841671.19639765,0.0
0.04986538922582404,0.07719867431555526,0.008076258695629751,30.36810971953786,0.1069642468510296,70811761.32919608,0.0
0.032965840961675714,0.10922134646263358,0.0025706269218920873,29.38086965846538,0.07213898854564542,71579083.74743031,0.0
0.03522964659312256,0.17699639941703127,0.0009737672910800422,13.075472455247088,0.10303190817119413,54403700.54532332,0.0
0.0255475207806623,0.16305002004517025,0.005008766058895992,26.828799930464577,0.14449035758448292,54843792.5386641,0.0
0.03810958650689634,0.10645042725736698,0.0032099704564089782,17.144238244410584,0.09638045434534252,68148269.71232319,0.0
0.04684807210176729,0.11502487120708088,0.004539588330478598,27.793619184722427,0.17502338374700002,55878835.60892148,0.0
0.04688364680207313,0.12784757415017775,0.00897532326522084,21.90438525875034,0.18081854382748905,60662759.67541923,0.0
0.054175144332613015,0.0971181781472913,0.006427950705063091,20.36223334594136,0.20437190397459223,76067878.70500772,0.0
0.05019672314245463,0.08965044245011848,0.007072789119056672,28.298249990411854,0.17654585388131366,79639009.6340719,0.0
0.04570470890647113,0.1287570072188093,0.0005739184368827355,26.990241082546312,0.13433720090575843,65014601.55485247,0.0
1.5431353806497756,8.234356939980225,0.4253499145792412,10.921308097109694,2.193938147415377,222779243.81090915,2.0
0.05270678926368313,0.1423437173962934,0.0012130299800553414,28.132691816684712,0.11353530791384389,58743199.19546649,0.0
0.04367455561191997,0.12027580646431549,0.0008933990229186684,16.28163698801732,0.11037507106490968,76206120.84083804,0.0
0.05458095333043777,0.10560006875093991,0.00965609831380884,17.59209614224316,0.1560054261582481,59610988.33989164,0.0
0.05319426372005549,0.14051580301374741,0.007089000062515825,25.698258371079483,0.13635628271433567,57225576.44939019,0.0
0.03795788421097572,0.07821262477603305,0.007964405615234774,24.03147310097519,0.10541870739967753,66411168.608575076,0.0
0.07103945704747874,0.14399277085765713,0.008865954415023983,22.54219030490535,0.18684103358923973,64763302.50090587,0.0
5.9896329839754605,7.574023469220535,0.533634531541801,15.039505270402094,1.063008977268395,499812801.2269837,2.0
0.05657548065972517,0.09114200434653141,0.0035874251054288865,23.705306017108047,0.09093371105927786,81955970.91864026,0.0
0.030214109304966843,0.1439249263120167,0.004716263651952617,20.093370317412678,0.12308378671962393,71900639.9797814,0.0
0.0604869789082672,0.12807453170015393,0.0051801043137609795,28.734904200523548,0.10393275563862625,68277561.76889503,0.0
0.042838686664175764,0.16373666168538334,0.009461868939912613,18.43918399402241,0.21790495118837364,64179042.95447501,0.0
0.04249322879524718,0.140059473463442,0.0009301740926267499,23.002672547635736,0.1484670465721051,75504354.8341441,0.0
0.04045230325748587,0.14604649986102622,0.007130142918617409,17.388328408591278,0.16389589945739047,72071321.3779638,0.0
0.08290398638810431,0.15060809759463828,0.0056459408129032156,30.41499969258434,0.1079824948497613,79134982.31027015,0.0
0.029854039429350936,0.187730391402108,0.009154162014667035,26.43781952583664,0.06943746903048946,61182517.96247204,0.0
0.03789240979393626,0.12633719599698787,0.000985468514129424,33.877454246200244,0.1542891715367661,73745427.3696598,0.0
0.06518130069232467,0.10902646098396607,0.0019909341993592567,13.429779669999473,0.13918929582544443,56663783.91729662,0.0
0.04848074906036454,0.12365245781331245,0.0013035313004326555,20.971001725578976,0.16057160840613005,60965890.138679065,0.0
0.05452082202842655,0.1917434233525074,0.000666598298233061,29.364085415891672,0.14107897274934392,66268553.91037326,0.0
0.005,0.1374377611973875,0.0019495827149863055,23.279680216478866,0.10054086853630603,62160294.98769464,0.0
0.03997837001840188,0.19335452256332059,0.006154289150329267,16.02904066725282,0.16740846113158409,81186457.52017607,0.0
0.05294539131535096,0.14651233022681198,0.00875933022186205,27.28606531846257,0.09229140855989149,75729993.71776198,0.0
0.052364624274573765,0.1375974549413318,0.0012048182243846795,22.46905469457332,0.15987624253666446,63858351.25585376,0.0
0.048757392755188145,0.14887843926336722,0.0052504934024538465,24.817050128285345,0.11961307928989787,50956034.23657274,0.0
0.022272134067021714,0.12560063790484757,0.0077448560311979085,27.286621405433827,0.1413954479931804,54252498.18846734,0.0
0.039963229510648075,0.09516470508377894,0.0006803731409166969,25.682986977943763,0.23009709870579187,63043504.94596724,0.0
4.458268677725984,7.833868482797514,0.46064439426267734,61.921055033396,2.016403174913334,340531256.10700667,1.0
0.02648476692180117,0.08350978068652982,0.004593460101728227,24.590528102137537,0.10373779131730654,62120385.42250753,0.0
0.046298846812093494,0.0879332829581565,0.004318070951077772,31.21702898593581,0.20256906302814315,66673035.793183565,0.0
0.034613685301892155,0.11706987140527758,0.005963935996924616,29.326448780676248,0.13220214436418987,72534145.35060433,0.0
0.0684828604385151,0.15330072469703304,0.0024361479198219426,21.2202464665404,0.08531312439817822,72297690.80459587,0.0
0.07030712452608848,0.15115694438936753,0.0033581636464153452,27.550621806250376,0.16779583580039537,71888348.23190184,0.0
0.04720189517978324,0.07394644642503724,0.005246723066856223,20.79275242935496,0.21432268988690917,55686305.946052544,0.0
0.04921787135954064,0.1795880130345362,0.00498967944220793,14.861613641645757,0.1622539013572809,66588026.24945004,0.0
0.02644573933682877,0.1200072472721369,0.009571348325397962,21.85672847462715,0.16224538212411022,60097076.08675823,0.0
0.05114727985392769,0.14737455005360106,0.0002481721144514915,23.4546688163087,0.14388580032743098,63252273.65544303,0.0
4.944083972638442,5.431781532252372,0.5537702401478212,26.18926625907897,2.1048283072884457,238072586.38843557,2.0
0.045078655495772744,0.10656100548166769,0.003999830182935685,29.283687107352293,0.1176939776901294,75323490.12500358,0.0
0.043767732324111464,0.16262857033069456,0.006267533485423312,21.99807153564447,0.07927475869173126,55661129.25514011,0.0
0.04186167189383208,0.0770044659056983,0.0029470136988552797,35.608156536651016,0.2296837762998981,65609761.998495586,0.0
0.04283459382114086,0.15234945488382404,0.002939167605049338,22.038795775935927,0.1790032417779003,52229359.73580489,0.0
0.024421482856029655,0.150849263512325,0.00691927363266592,28.57587195064029,0.08523307773936539,55887639.62119137,0.0
0.04820969866101333,0.15894409312464738,0.007096713435045245,20.81954164890187,0.1384007458225344,44079622.201667406,0.0
0.04162851897160975,0.05497344920105994,0.006258411949823758,26.49542867010553,0.19652003878821217,81181806.20507449,0.0
0.05209856436860317,0.10221509308234411,0.0018181765283733875,24.357268533740214,0.20554658080409927,60735181.757190295,0.0
0.023399236761085584,0.10823108414616248,0.008255348415204157,29.979868394232227,0.11438256988229353,64909089.38200642,0.0
0.042220685116834376,0.1151210979767868,0.0010579652027279897,21.57162541204935,0.13847398950309936,68786869.0285185,0.0
0.01831919626643582,0.07271239718271924,0.006073244167930659,28.22945210137946,0.13205217269522063,72098864.15551512,0.0
0.04776950787798456,0.12533242052118027,0.002160314403930722,19.459437708705654,0.19715463748147755,56078862.31674784,0.0
0.024724730915754993,0.17317493732746192,0.006463099336573813,28.612234926104897,0.2154832963197097,71073653.69693612,0.0
0.03800945247197637,0.19953521521564088,0.005405526753889242,37.20610861235957,0.2320498777307785,60500969.2945294,0.0
0.05138186342677447,0.04577549465777267,0.008159557894152066,32.33391278449488,0.13359882353844357,57553723.52471742,0.0
0.047305876589182914,0.08248499684359456,0.008579349139973288,12.341153418745932,0.17797856987582808,70236491.46981224,0.0
0.06044941226371742,0.07663315541156751,0.0019124212907612138,29.80152584043334,0.13851561980550628,63818603.54444263,0.0
0.06066241315603608,0.08352844557149139,0.002656855648662635,29.787685816398838,0.13041717411877313,54537398.279530145,0.0
0.0392202960470736,0.12023799455959992,0.005776130806371337,32.70161989909943,0.18234284027560466,73889875.38520215,0.0
0.05774403145531537,0.07228890983925162,0.006307704201726207,29.85158100894141,0.1539930526039907,65369770.53849647,0.0
0.0352499612876481,0.057476858712585954,0.0041059869723826655,25.49656907475675,0.10280893002501965,67970294.49032134,0.0
0.021083585118084492,0.15681816662030215,0.0016802005219267858,25.43508240196193,0.15941823180444456,47051043.218630455,0.0
0.06604191466404148,0.16762305085435278,0.007939351334518513,25.535287264961482,0.24477149203245988,67686890.53954765,0.0
0.035056486236735775,0.14003366089114866,0.0010116561961310323,25.721632358630185,0.15371742610731912,53110677.544612356,0.0
0.06124576864762915,0.08956179215538569,0.0093016520286255,28.188029061156044,0.14092230135448303,76152835.32016718,0.0
0.04186465114070962,0.057213762574623836,0.00207511495384879,13.912044603206146,0.1473021376577927,56971380.51341079,0.0
0.048513220988047806,0.10141601857658124,0.008586001069824982,23.89943134372586,0.1815630080559964,52159399.16634141,0.0
0.03787582033258566,0.06396836075332195,0.009205358851025547,25.37788186335019,0.11361240846366662,72648223.03024894,0.0
0.05602316679074726,0.18287262880244373,0.008515371718979257,24.1024271256376,0.10499208689049105,73085784.46296984,0.0
0.017540506547153147,0.09110212110192502,0.007068035962105051,25.585621080749256,0.14086109824761836,64354708.31357843,0.0
5.629349359147696,5.364977199867126,0.5318088751602339,15.088085851652282,0.924100669239407,340626412.2145492,2.0
0.07349822902342823,0.15786946832374799,0.008416154597578152,20.73033545769972,0.12969132923401144,68803987.81898084,0.0
0.059472774496461864,0.11473878389048447,0.003789559098125076,25.79046949288393,0.17788952185561252,66292266.82657867,0.0
0.025153653098887525,0.092568626760645,0.009522600783623238,27.995516659317975,0.13256394123638268,65796807.87264446,0.0
0.043228972095133815,0.09351326080444257,0.00010046981054831594,24.742288956961744,0.15327377338118156,80348962.01119515,0.0
0.07584310694910483,0.1199158655678401,0.007201113335149457,29.058527858066327,0.20098735398717946,76315235.21057291,0.0
0.03361301007669453,0.10374585081917143,0.008018401684528059,33.55514404595394,0.20787776585547918,59339643.43863865,0.0
0.06918417386982968,0.1256171368390718,0.008817089696385847,33.02809916282559,0.1713478099202477,61141880.10782977,0.0
0.06630756371984782,0.11741183520370625,0.0057979284383295505,32.8971894584743,0.11474265179092016,80439597.767686,0.0
0.04629215824569562,0.06408402906415986,0.003522309750707453,17.627486564758822,0.1975085353655382,49624223.08655082,0.0
0.04622811209079484,0.11331402830899408,0.0059171696889240046,24.449972506494742,0.08772195653174088,72198753.82731867,0.0
0.07003532287934089,0.07595232812636328,0.0031690413772062476,25.12692638986136,0.13769714331536803,68311938.28407568,0.0
0.04292603548243223,0.10831631785853965,0.003933206703851887,31.168621391680965,0.13488940449910092,71638861.65167715,0.0
0.0459034531491154,0.09308001775744455,0.004890484004492832,29.629875503573082,0.13178131775001037,74985407.6969983,0.0
0.05886040528810351,0.16200276347494014,0.008343247957493985,30.7003392324758,0.18091391354174893,49726534.788032085,0.0
3.0782332925441294,9.892798877406673,0.1592489750690446,12.754332250226835,2.2412785836790805,461635066.24973834,2.0
0.05028083094771445,0.14916668691231075,0.007193881555748203,28.866199933328797,0.185113041249565,69109537.99589239,0.0
0.06281079077347126,0.0810946912670257,0.006579499112045924,38.33452611160004,0.08587132613543615,70532221.8616883,0.0
0.030673161309759705,0.14376314457167816,0.00041082364955555284,15.807406883639647,0.1362497392195956,65584372.59248691,0.0
0.0492024173822941,0.10073068239020293,0.005450834128598901,26.489380955119227,0.15622046415054242,69133950.4448547,0.0
0.06492291212773586,0.07863440561027195,0.005540992803958262,27.84136688576392,0.11839931612739167,63658961.46276281,0.0
0.04123750475317429,0.11998902145858788,0.009113418162164088,29.299167807337287,0.21337977500628236,84870266.25606334,0.0
0.042785961205519966,0.11657296637449835,0.00968419130500408,20.745579554805506,0.18539370331204633,65362311.70718331,0.0
0.08239499276149186,0.14493127558530566,0.005448246756734317,25.29224740352825,0.13193435643292212,66449616.77849148,0.0
0.021282139469518,0.13484234015314578,0.004120177389516564,20.797535072466545,0.14222034060540895,58521783.664329916,0.0
0.044509578778588604,0.13473405305362865,0.0005461030321346905,18.834493474925722,0.13462043515833927,67715262.60699846,0.0
0.0633155054328803,0.0987425948375726,0.006509717452185445,27.211584340822426,0.13195124692224494,77300553.85431644,0.0
0.0628420573338696,0.10801077796997822,0.007697314182968802,21.169773987998,0.13494309781647218,55931465.10752021,0.0
0.04364200076543759,0.14571231409107654,0.00888272196511506,26.997346863010925,0.1757142197585179,64774228.361071706,0.0
0.07008858580256555,0.07669006766220995,0.0055171237201996695,32.375561821549276,0.17414852962176786,58588863.29613565,0.0
0.018772020401427288,0.1488147970487197,0.0001612464637221489,28.018228694803692,0.20960550088399366,71246089.2980317,0.0
0.032304650175136895,0.18501958202382063,0.003202987424967425,29.82384947151223,0.17878397990499564,68312033.1286628,0.0
0.07408393498587426,0.16012543046402547,0.007271628097401385,28.884658461774144,0.11937555371879248,61565326.250191726,0.0
0.030425789422340227,0.0869072592020044,0.0015141044393608505,25.161981068417894,0.22009167636488125,51317135.36407402,0.0
0.036848628432993524,0.1289384314486011,0.009873684723122,14.231347131042693,0.11392029402227209,65326689.947007634,0.0
0.050422552878091526,0.11572800037575529,0.0032056758601649903,27.37875995915766,0.09062243727226293,77260472.98891027,0.0
0.051285285140490675,0.12382929651415395,0.0035655892117688872,24.032861857093973,0.20606001386208633,71623710.1795252,0.0
0.04791911182855864,0.14870553653644195,0.002723153971810828,21.740557087343095,0.18305689296767064,69143963.8984152,0.0
0.050259451489103386,0.09116225795598001,0.007925397676213367,26.45689492407973,0.11481425297795037,61126173.330055825,0.0
0.040345998651098156,0.1176853584880962,0.009325667087059609,29.762390784764026,0.13386481016125268,61971488.43800585,0.0
0.04153598204686983,0.15574841534002895,0.006872343434606829,22.77174848485003,0.0359987956273127,66046329.12687917,0.0
0.042493174293203824,0.16898581258010276,0.0061958259282708684,19.993426729010167,0.16008779416937147,64866446.28091833,0.0
0.03843812549514884,0.09451047291576853,0.004426548482604331,28.43713377563252,0.15588307309783894,64004890.58289797,0.0
0.07044684552435057,0.16462062644475528,0.001334163355232071,29.819627115277854,0.16870760415435543,76407171.25356947,0.0
0.07735962319898254,0.044666575938678676,0.0009041897779166076,23.810964812870303,0.22743444102722418,57982955.975476176,0.0
0.05562163015032885,0.08137155600143707,0.0012663712551837436,32.34892129393748,0.14547366022175665,76249338.93291198,0.0
0.05760965323483086,0.046954054348927576,0.005028755200655849,29.59935757977215,0.14992684964623598,69404491.46530695,0.0
0.043113196198505274,0.14123977076254848,0.0012564349241231398,17.096980295954154,0.14688714255454108,62942653.010908574,0.0
0.04262988152131516,0.13944294262197868,0.007040314525916569,25.005549723436467,0.17632572144010253,54858959.30958443,0.0
0.04542271736053692,0.09295691941552116,0.0015126428446267592,30.447682915383204,0.11290507977216266,77782766.91152236,0.0
0.029296335259770906,0.131849350670007,0.0019038178629703472,30.362708997863795,0.131638733072844,59037838.39607231,0.0
0.04015980241736796,0.18164158437035807,0.005785639322793544,33.722919350376245,0.1777482445014474,54021202.53494835,0.0
0.048506788676861215,0.11612671210049347,0.009492811717559837,28.42645042355484,0.1154229317865712,64078645.513876945,0.0
5.620611075232369,6.938914037597473,0.24217891223596,122.13858555837368,2.379076194757826,460342647.5604811,2.0
0.06341503488709938,0.08365096627046095,0.0032314521727941727,24.890716262789383,0.18954435173996698,59182395.129614264,0.0
0.07592255364954596,0.13769562346425562,0.00647720054420612,20.44837829035858,0.15819191509127667,70985693.54743898,0.0
0.07067562720213515,0.08944636183412048,0.009374811723991046,26.340252137948767,0.12527299831599323,65046538.83750286,0.0
0.02820573850066483,0.15854630352075166,0.005182057321825208,23.709957319011956,0.09070412852016924,66874239.545879185,0.0
0.035882670193583516,0.16181072771798058,0.004913304319121309,30.820300762929687,0.1379730255822527,78422522.55570333,0.0
0.03635234398909921,0.1328666944073399,0.005615945077121942,21.400052333890304,0.055820683092135906,64861566.53544814,0.0
3.841839441071694,4.474519183448757,0.3614776706395439,46.014295624060914,2.1363966876202403,280011531.8688894,2.0
2.5742796536001524,4.327874553950898,0.4567947261966758,113.92174576067376,2.4782376249679468,323793708.22993773,2.0
0.051785576943746005,0.08229183730553345,0.0005535981693840953,21.657725445734112,0.06993039330094952,57670871.950364,0.0
0.05954185800790105,0.17001001977347485,0.0034562703703615895,20.72753268630973,0.09071074305290765,70041649.96278736,0.0
0.060797292799993546,0.17009783736409143,0.0024317998026422596,30.31426846516608,0.17281949323454293,56553775.263972536,0.0
0.04090914645378494,0.13515359388762435,0.00858322938878858,29.290695354670078,0.11579618102363179,75889326.64448108,0.0
0.07612891308937898,0.09441653034995842,0.00796390722619709,23.06062109068765,0.17178498297997355,72974283.05674334,0.0
0.0418782471409119,0.07281835108209414,0.0044185370809106395,21.311316476575797,0.18587189328132941,85841598.04738231,0.0
0.037685906638912595,0.09969813655204848,0.008099787436834725,21.71432518860971,0.2539529160029833,66156017.84137355,0.0
0.028064223431741562,0.1336205718483775,0.004920017294320828,26.53194741036707,0.19239800679049504,69921709.01955251,0.0
0.0565629779083045,0.1708641232162362,0.008670601823789474,20.82907575633688,0.12448765228560256,54327999.21664653,0.0
0.07371047030800179,0.10351063718637424,0.003309147657801952,23.854594845391453,0.1302832690020299,71481258.06936072,0.0
0.0433316090797695,0.1063526702704194,0.007092961271407681,21.95753048134399,0.15610103531590466,75167071.8470846,0.0
0.05608215721331254,0.050762116271881624,0.004948259516005463,27.50458664542929,0.1508940221986546,62402428.33431919,0.0
0.021442490945652343,0.0808984738402549,0.009623380574812069,28.317728092492175,0.13616370877332687,65647006.16053447,0.0
0.033551112651862246,0.06641123741054972,0.00014196634471723703,25.921545320390518,0.1547082967384383,66536739.70843113,0.0
0.03944078501870841,0.0812797270655928,0.00626802630064844,22.86597902532371,0.18170844070934658,62804440.67613061,0.0
0.057535381680977125,0.18123543664718972,0.0054378707039174695,26.215673275692446,0.15087555284659337,76532855.1279498,0.0
0.02110509399702496,0.08976409637935817,0.0013247065634192656,30.326881361298014,0.20409450183704603,69111542.87000248,0.0
0.0599746634722194,0.09146185300893575,0.0020117523228887946,24.887819740097132,0.14726855168942837,52495217.15862809,0.0
0.035827232955120775,0.1205466416882361,0.009756019191566524,38.2100595524631,0.15365258914445398,71770767.28066804,0.0
0.07162966338914267,0.13151873725485452,0.0006325340889867958,24.713647945889488,0.15150212306642252,56491935.99162805,0.0
0.04961110046713651,0.1519820067484955,0.0033747704571297187,16.446983227817427,0.2146817969808673,55416674.12850126,0.0
0.03365473882073545,0.12114789483940552,0.004769833926176538,23.57581531128899,0.17473442265038658,67973879.85661475,0.0
0.05929311820804408,0.04697328195701203,0.005689214058447163,23.97116503161414,0.16186290706777232,60442779.61060104,0.0
0.023047275778018222,0.15745525834107496,0.0037208225496289595,25.03136578092209,0.028213738430273513,52808168.553762674,0.0
0.052842532320532494,0.09484086643369444,0.0009355940691233556,31.590985336170128,0.1502552616385326,69829673.02769543,0.0
0.04010964701748238,0.07668181521854456,0.0051109382147239805,20.44677456408755,0.1677658068434903,53677182.58619965,0.0
0.04754041236054117,0.07959730661184554,0.00759520148716944,25.793780254687714,0.16912562302223233,68311840.39229043,0.0
0.035627721334564814,0.09033281249833203,0.009306722555623982,23.18434176591461,0.13918514403456836,72869942.46201701,0.0
0.07193816509643282,0.09789477947921339,0.007589768318540306,18.397532782974842,0.11820425411993238,72173750.0657437,0.0
0.04531190561513112,0.11358973351313469,0.009883705667215711,20.70193243060773,0.1694887277852171,65577231.028270364,0.0
0.036970077210691156,0.1442499514536234,0.006693154163635017,30.68690548814457,0.1052590606315347,57753497.98297717,0.0
0.04837027088627829,0.1587065148525058,0.0037619046876962215,23.99899372849815,0.14861743040624786,69928068.89394565,0.0
0.05260911046660947,0.10049019314120874,0.009457151084410245,19.51428175185593,0.12284078614147471,64546148.760232426,0.0
0.06247109031685757,0.04630235703558863,0.00856950129869388,34.027872163434076,0.1380372365907978,64931208.86265698,0.0
0.04836677727839958,0.0626180543116098,0.004553949052479408,19.152596853984917,0.2850953167633058,52575645.980700314,0.0
0.05272552900812989,0.08847827428732458,0.0072608485148385055,27.522909072386952,0.1812810955029651,64719877.28102388,0.0
0.025196501894690367,0.12298613498977584,0.003937551415654067,25.29185145408948,0.1694143963021276,68581686.17340143,0.0
0.028784151893876064,0.1316850988298987,0.00877120467662288,20.523228131704002,0.20111426620122055,75249911.25622047,0.0
0.042345791587589256,0.11279491991918808,0.006834294151572705,29.820779420859893,0.12210543088335316,63369261.86406985,0.0
0.06530808561248119,0.16905595075312502,0.0005845798723687701,26.49398890160881,0.12450050260699952,73208818.64509656,0.0
0.04447517264254557,0.1496860974433334,0.00928555532894136,18.60823685598838,0.11048536359440911,83014698.88417342,0.0
0.016772264317535413,0.1382447966754835,0.00746452128857114,28.70536890341143,0.10485461942483171,75716309.31593663,0.0
0.04194629459846457,0.045547040287697654,0.005727725097371091,30.784168905184945,0.1681562091776539,54316363.13122802,0.0
0.05420276959095625,0.17523413201467647,0.001625110652974563,25.69514343476563,0.21463489960489254,75648106.67366534,0.0
0.042598008066500395,0.16263681491139897,0.0010184726514238273,25.51322764269832,0.16994759648542176,54405038.080854625,0.0
0.04110612972954593,0.11240440323514703,0.0026679454943383087,21.417132557879473,0.16440904148309715,58085653.74827983,0.0
0.045096334047164066,0.10556551636242319,0.008237444619122996,25.3251231559439,0.19087852620240015,70739876.34938228,0.0
0.049199529394797305,0.13921093423610775,0.00596142649549897,28.220618839250545,0.13023239907732348,67973546.79375945,0.0
0.04613150458352389,0.13306719958989893,0.006691541555348508,18.13960406365193,0.12363904693361318,72886205.23867409,0.0
0.05464084139801316,0.10140749968873405,0.005960435954776472,23.18826221226949,0.1282631828089393,63410308.37340147,0.0
0.0569139701943274,0.11680101548718098,0.00750160832954601,25.934951048623322,0.12061315625292562,60125543.951198205,0.0
0.04224024995470981,0.08986192314392502,0.0004930898710982468,25.34668580857674,0.1839833812418647,75955663.04109375,0.0
0.05234061841841877,0.16282491088465195,0.0018176359776119423,27.593965087258606,0.1094942223422764,59088216.393076375,0.0
0.04507670184963691,0.11429265626196826,0.009520624466390027,23.973579902518743,0.10799253850553323,69183127.28133112,0.0
0.038482556588515265,0.1287258008474605,0.004380440759053837,23.965077054508157,0.13490453930151158,72598269.53648719,0.0
0.055168129792963615,0.1392779150295782,0.008812580677630117,27.98768852947364,0.14441831828288385,55893480.00451848,0.0
0.07586243204567547,0.11831690224342295,0.005051155557440064,23.21004782793332,0.14881244838856086,59610847.494681165,0.0
0.028985693559261082,0.1412353070697664,0.0015174291295305242,27.252478618890173,0.1565118647239965,82609895.86308263,0.0
0.02402148639271288,0.1008661970394457,0.0005496630683982207,26.094819579279875,0.14010656144414327,62920871.467069216,0.0
0.05215561240834682,0.11759780838700859,0.0019231577278435053,17.807944166027205,0.20497939925710237,68987869.9880831,0.0
0.04461668893512832,0.15262670474911347,0.004480854872830765,23.76832359410076,0.18345936551859765,79853981.06944978,0.0
0.04401374608390518,0.10717225428711818,0.00798555838130599,26.802208381463863,0.16385250840899546,83765925.02685037,0.0
0.05431008146326017,0.11077931243712127,0.00315668481164066,24.798330448929782,0.1732227074814246,57719912.46410597,0.0
0.05036681040522425,0.1331743334134131,0.009531201143941377,25.677817082073545,0.19208844623828233,83244464.63021824,0.0
0.03120863648649295,0.1571073467624608,0.003569824294686639,28.77832919372157,0.1319478854262534,64594852.7424694,0.0
0.050937053001561136,0.14720925734675788,0.008299395932124434,30.623883599929062,0.218734559830555,65692995.00143467,0.0
0.05607699869993116,0.1307817688826436,0.0006903693691137491,28.068854278949544,0.1634511155699025,72633869.26823409,0.0
0.037741712489185175,0.14340291816652673,0.006300186806188274,28.095164732942663,0.23742922466890298,44271263.41324189,0.0
0.034044500524242946,0.13534665085834044,0.001857769546987078,33.44594466825839,0.22059655222203084,59268922.176503524,0.0
0.0170019507439041,0.09087785433025501,0.007447507316299222,27.78568809201741,0.16280751419687492,78456629.22628725,0.0
0.04021419096500073,0.09998888853153784,0.005016991660064248,15.325179413797645,0.14189576908327703,60105803.1337489,0.0
0.07784704399826509,0.1433209375318224,0.003044904243540304,18.659315975123437,0.16585467825869404,63080533.35612148,0.0
0.04921487801602549,0.10497644528954683,0.00970074456666707,25.566971959833445,0.03904740240264333,62637788.62127369,0.0
0.0626894577609574,0.10045943861188893,0.009790318407916674,25.679297120408286,0.08574972846392168,68581933.34271733,0.0
0.05270861774488372,0.131765073705918,0.0022566458305205506,31.73285831305148,0.17259105057256602,61738925.90619895,0.0
0.052378787572597583,0.15426003177736283,0.0075619223410678055,23.914205964315716,0.1296362477875372,78204502.8128253,0.0
0.052184697386195876,0.10274070121600798,0.0004929449276441644,24.240163088419806,0.11816118504598006,72033459.53116,0.0
0.04160273851725252,0.134904528052044,0.004177085669729759,19.240012262104287,0.16171315374346734,64325701.9408822,0.0
0.02415641299854606,0.1167314599385018,0.001430619527234024,25.646840033519094,0.15998437832838847,83623997.31597619,0.0
0.06045425181047763,0.11570518732414965,0.0022047048099936985,25.58415087086092,0.22896314750980096,69394910.59298389,0.0
0.07509139332238685,0.07149042201603506,0.005771866762233089,24.3673371012647,0.1765439147424305,51558630.89145133,0.0
0.044185577002232815,0.10023290985401702,0.0035967556122306777,28.012901339891705,0.11456117064408891,62950581.130914226,0.0
0.03541557378465747,0.10990079564435032,0.0028915033445415096,24.158497884141788,0.09705401716631284,72067290.759799,0.0
0.03100098061390206,0.1067697235343624,0.0014562864670542343,20.513734969193717,0.11052229053993773,76780201.36430572,0.0
0.019958920783179422,0.1566561197317507,0.0009132573433355707,23.8177558163207,0.21170945469119104,83923185.36059597,0.0
0.05690233080828319,0.09154449697089545,0.006941316539762369,24.157901439855593,0.08609521083326174,82466256.29493012,0.0
0.05718788733591297,0.1394461563101207,0.003429296627591959,27.158158148187987,0.20745718078235467,76378252.36703412,0.0
0.02784410689019007,0.10397530648361288,0.001349784860716421,27.948196156787,0.20113123789837944,61698811.95831269,0.0
0.019126232512304508,0.05696297930465413,0.0037736317679665076,25.991967585887434,0.14951825788160272,72188280.65792938,0.0
0.047698412267302176,0.16201860804658552,0.00872394563354815,25.540070604897505,0.16583656883832182,58732248.467390314,0.0
0.039563385878953014,0.1628079073483364,0.0056585178741067185,24.141631730376083,0.10504486379497623,61562843.93157791,0.0
0.046160524614714274,0.06762147607184722,0.005089590404220475,22.94740758635135,0.12371859051930703,68704572.04055385,0.0
0.03287552571967273,0.13619069524988828,0.00982946879554701,24.158704327562294,0.15678991071882648,69364147.85760966,0.0
0.0439075663101469,0.1148276888413885,0.004303465323722004,21.74162438921792,0.15569511650041865,61152822.77563638,0.0
0.04355910150413025,0.08680781985215297,0.000551015351588311,27.263781760383473,0.1295756600280968,78776021.42890298,0.0
0.033407621781936424,0.11199900296309934,0.0072763113769968865,30.59316167077106,0.13693856589861714,60419468.23164083,0.0
0.048115315307446664,0.11145718342140296,0.0024465505460471303,26.153054243831072,0.12985398958497613,70212024.95665354,0.0
0.021651271520103734,0.16422973371791338,0.009522640145333723,24.878007163819216,0.1560662908858007,56395902.22375268,0.0
0.044753656558908714,0.11783825300489548,0.002948172383467669,24.88474721957267,0.16761415975511654,58880086.43820183,0.0
0.040179212375205095,0.08661212032111743,0.0022578955215062915,32.84091214763663,0.11076847966345763,62472539.46634813,0.0
0.03566025957398322,0.07999432407741949,0.007489990174049569,21.103123373699415,0.14605116422177308,63067928.49278584,0.0
0.04414581564418399,0.17095378127513683,0.006495560067569618,22.06442364689926,0.09061580832321389,61629950.46573458,0.0
0.04784372424898115,0.14740058072320003,0.005621108826232295,34.76553599136287,0.18812037992856198,75454427.48365904,0.0
0.03460635607109019,0.09683062377711868,0.004820173397769325,26.102917688686805,0.06032336261964347,82253798.20121175,0.0
0.06128973174262548,0.08682375489558547,0.005027834418466806,31.11968172118945,0.14804937392627537,65136158.02098382,0.0
0.03522872994578327,0.11385526190752746,0.006043044198214789,22.415765584130856,0.13269449934665886,71075124.27811718,0.0
0.047125753704598566,0.09366476669264377,0.008525426448755005,25.517690769745876,0.1802870728440809,65973598.16263873,0.0
0.005,0.13428184963928644,0.0007850986845360985,32.680305908547645,0.16841662599371296,65853626.72096186,0.0
0.05898886247809634,0.10026183791796148,0.0036734051527727994,31.996139750355795,0.1862287040198946,71304114.48346023,0.0
0.033106907516064835,0.12914376859318497,0.003327294765103791,23.405768222526344,0.17567576491434553,67976095.04048075,0.0
1.6169203217660115,5.445975788856517,0.6337257931034599,49.024509545209234,1.3822227404448926,317369980.1559427,2.0
0.02271659440444542,0.04649907223219314,0.008403481775885081,21.109526070836427,0.1445204168922423,62739297.61916966,0.0
0.03285594720117531,0.13107254125376505,0.006614662053236519,27.250778169733238,0.09948540985087287,69837272.81008516,0.0
0.046961108659291366,0.1363225431056217,0.0005274395216221739,25.07841118235812,0.13586943458247366,68427098.37833335,0.0
0.04078349560671068,0.2574183197252714,0.005807685836144216,29.89228902833275,0.13213427812741574,62526469.362501845,0.0
0.053411767895523515,0.08842819559748713,0.0071924520057583185,28.64259321757268,0.1538973644118921,59114181.14469391,0.0
0.05680626905613678,0.11519198740602112,0.008390996987996115,26.908670844812548,0.15232850908340226,77833153.71587086,0.0
0.032846213444784285,0.16852222890419952,0.008824411913475817,24.516199484065552,0.12159453572650471,62868865.49352275,0.0
0.033325429118965307,0.10321774614102648,0.003850580557189617,29.08653101869163,0.13861497982985282,56854926.41180113,0.0
0.036009374655693406,0.08506787804399554,0.003547972896563887,19.819282140124017,0.02,58554150.37375886,0.0
0.034434844641858614,0.09776231639110297,0.005287073198840526,25.998052092013914,0.14151641320318298,70340261.93644404,0.0
0.05667541614249956,0.137200030845207,0.005457496797794357,27.208312820930303,0.14552611583654748,65403306.60440042,0.0
0.029584872886110627,0.11364738932525165,0.007444421678375537,14.643114103309214,0.12238895067051181,65838849.787920356,0.0
0.03372046002391771,0.1089719644082062,0.003712709205053938,23.061850836683767,0.1037716970033234,52804545.81974924,0.0
0.04993143615455221,0.12120543540970444,0.0015966634936715074,27.639196749577934,0.14314974780700263,74154829.4856363,0.0
0.038878869404676726,0.15105517930433598,0.009669685146183153,20.09968849079693,0.1740989374512945,79562942.59967217,0.0
0.07747503517351625,0.08448341773849516,0.008431448650297454,12.535947503023232,0.19761899940773928,66587628.89572702,0.0
0.03639449994092131,0.14607518595070484,0.000166715505996331,18.20912539261203,0.07606965879686339,58415504.60876981,0.0
0.05154485504511048,0.1288284138749337,0.007360354004260656,25.420471941250984,0.18153166626544015,63119791.93584023,0.0
0.0533434501410099,0.13573158694913073,0.0017449848639795517,30.43190355602919,0.1777126084120369,68330387.90451804,0.0
0.039449834551768086,0.10860361317480237,0.004377814772996199,25.784115080490967,0.13627233725253152,65331405.78347417,0.0
0.055396584108947156,0.10196735621671149,0.003145876334140665,22.306048477116445,0.07737404096484729,58074714.52275493,0.0
0.06162274225106275,0.13947935935868153,0.007768213672402811,26.822807386777285,0.18455694199849784,51058601.96142162,0.0
0.03093262440127316,0.17749355336395872,0.0005282668636472199,17.405151095933427,0.07947053204386059,54219510.35841571,0.0
0.05733817368154783,0.21255201714559624,0.0014602101929696255,23.35255349891007,0.17795812286869683,63509838.70835188,0.0
0.021446629201643152,0.051308100791459726,0.006825117301162002,23.334811904731193,0.11636912440405499,57927579.8487455,0.0
0.045727824419172405,0.14839887940720572,0.00258792408364524,18.75089830205318,0.13801939849810088,75724471.31335041,0.0
0.07053322416952856,0.1080682242928872,0.005494118320609646,24.02263678207013,0.09402631336604916,72239349.75202817,0.0
0.0316876173329685,0.1377087943709553,0.007829236142575724,19.505418726359032,0.2314884255887343,70453509.3988009,0.0
2.69462951248942,4.977491857931383,0.3832770713768415,116.50809935810828,1.8615358426846398,338670315.7186306,2.0
0.05189958214408674,0.1696485970801813,0.004009703266883518,30.955453415730958,0.13463273337172096,80038402.88584952,0.0
0.059529674857993334,0.1464001965434751,0.001954580003683999,23.013383737243192,0.1294024517426691,63115361.81932412,0.0
0.030403965886776664,0.16104648958436057,0.008026974053360217,25.62142847425425,0.1985866712053161,59113199.3303514,0.0
0.04720070529649984,0.05749467278230609,0.0014386796634332977,25.64593736665855,0.18275063883395265,60551723.40053432,0.0
0.06301820883245918,0.15042046225362457,0.004455178144931612,31.355326630035165,0.1826301794660828,72356704.20493695,0.0
0.031727959289596486,0.14262713382040199,0.006428065910861737,22.25105320180983,0.16724038768520305,70408062.74238445,0.0
0.03409294236262697,0.1322377516554893,0.00662232158329593,23.448045043112174,0.15882523217228653,65932147.10084699,0.0
0.04327895337799651,0.12178106956496063,0.0032788399401825854,27.03311017111337,0.16901339701709964,71134890.35211438,0.0
0.01630079633013303,0.137529556623056,0.0008744650179988545,26.05151520110998,0.2747072451683219,67227213.47013181,0.0
0.04531505762449138,0.1293057380378217,0.0007971507318728499,24.512373081271882,0.11836916323658585,67302677.3016965,0.0
0.05635482924968028,0.1399714549026836,0.00974904272810235,27.528677162363994,0.17308288735340557,58326647.83167921,0.0
0.07314256258823829,0.11119613898844265,0.0018065754131130318,21.27416114841325,0.10789811232519558,73208791.20896418,0.0
0.04064588183717023,0.05408974271794956,0.006720595026617354,25.93900169021261,0.11647294070673873,60817217.73323637,0.0
0.057330902399917345,0.034641399460324976,0.007312505893473751,24.083496452369012,0.16857004952492013,63547076.42772133,0.0
0.0442580443552135,0.13452029251266687,0.008128509715367578,34.46095880416534,0.10678370682885993,74388543.82036144,0.0
0.06698473153382331,0.050724506636847425,0.003523270542525393,22.30619581326952,0.10843555326529042,77347584.56054237,0.0
0.005,0.07178338747360169,0.008448640854105086,24.38431782323866,0.10175910514367524,73597936.36274813,0.0
0.036769126383885575,0.1312587489481775,0.008935099713933178,20.616514571903537,0.14716378549890524,74187087.7614304,0.0
0.04632610329437771,0.1122133786127607,0.0003756622954398059,24.98815541933596,0.17093295130914354,77857887.02456711,0.0
0.06963022740204552,0.1807227801542883,0.0004986014639916425,18.96120303728324,0.18510190213805683,73514976.75007796,0.0
0.03766725867320589,0.13554694145517351,7.357829625414537e-05,22.109432706421785,0.20912484904397938,63246813.195137724,0.0
0.031220220802737026,0.17897549975479782,0.0035248104694335113,24.770355856299197,0.14267019027162872,82221179.61416835,0.0
0.03144138537802815,0.1255318721472046,0.00021149823349416287,19.96066043388935,0.08793850316127493,73748425.72338223,0.0
0.028917914820215895,0.108554393883658,0.008565719886833358,29.734037832559352,0.11736361859405788,62426089.15500785,0.0
0.040567795229562595,0.08444424105535075,0.0007552708602588687,30.7734688335836,0.16682146823616276,66449596.6202096,0.0
0.058066870551475386,0.136878713343823,0.006482975272988015,26.801843579524306,0.13838234071955402,58491650.59845938,0.0
3.4095216290832404,8.034203459894876,0.19175510843778537,113.50318560116888,1.7190374422284793,337535771.1505845,1.0
0.04139511902762797,0.07382634818904313,0.0025810764317341474,30.763240516308464,0.20321729377515266,66676773.56520225,0.0
0.05185129828730676,0.11193163811869122,0.0023503129881191865,29.843849478406767,0.17890699299553192,70747420.08564961,0.0
0.02227729162971203,0.1708363637064761,0.007066041289942177,32.99735470056895,0.2046210585010506,58191469.41724911,0.0
0.04900689976517225,0.10164015451815321,0.005558708141989594,33.76597401032792,0.08197491001394487,66811738.32443408,0.0
0.016656889035817034,0.0881610804056358,0.009774381842040124,21.919282709755283,0.09694951352203371,68582521.90999824,0.0
0.04222646795335516,0.10278341433728282,0.005773534012196677,20.814549331924802,0.18132639551108043,65389765.80711705,0.0
0.053887904238017745,0.10584609018856135,0.005095088732242019,18.475915547835253,0.115032029199434,61472413.0740949,0.0
0.04138113518072186,0.09231852164163563,0.008352440601588657,27.02411704404134,0.16734249840767518,64264385.2198259,0.0
0.04905685238669758,0.1486572175314201,0.0008696702025593307,25.168595274505265,0.14311834562938108,70149313.9763429,0.0
0.040175474231739255,0.1456372235972931,0.0009914611227762394,17.04929084659851,0.18219733562929302,76145858.32380882,0.0
0.06967451570251926,0.15910895855658613,0.004677206159711509,24.30958832669259,0.18977406079261694,76751462.8976363,0.0
0.05143224750495859,0.08462906230248803,0.003290737794607279,21.46223857352947,0.10365586945362058,72852668.50240175,0.0
0.032514666403436566,0.12682587444098442,0.007122202051771587,30.67973922971911,0.19657646962141082,63026705.72170599,0.0
0.03366925601470016,0.07080515432874751,0.009744393106384754,30.12816056936291,0.23636484618413167,63880994.5524587,0.0
0.0768323429551895,0.12073102709035866,0.009724613900279023,21.877447724557115,0.10276110065342457,66864145.66188648,0.0
0.04161335549270197,0.14617685896411367,0.00043100108948324056,23.725265147982054,0.21750192220947173,83999781.66452444,0.0
0.04046295470267807,0.07607770661991975,0.008360789007952809,20.31703996878179,0.19715373776102574,58292930.52577796,0.0
0.027031831611167272,0.13430284840182347,0.004852304557653562,16.883087350293785,0.1483496138939976,63915366.0332755,0.0
0.030155577951444936,0.11349539867325384,0.005183654633353206,19.86959577902188,0.11650476841270133,67973876.97704414,0.0
0.04798589543360205,0.06373186405086793,0.004217126175259164,21.77829866489008,0.1991542620080224,60433900.44204969,0.0
0.06175943747382191,0.10203812724203114,0.0014609656554132023,25.698268447826756,0.26971242280242563,66668681.39123865,0.0
0.063716131090106,0.12880157631291791,0.008736780345607488,26.415265811293267,0.14869984427769242,56084559.31220735,0.0
0.047255906797143116,0.1361721312638164,0.004345309633044954,27.619802560383675,0.12356663056759416,56963385.12401141,0.0
0.04036241814797041,0.15657809659296637,0.0034239512329585966,19.844873624263464,0.20379416124722777,69540815.19382173,0.0
0.06911018364029989,0.1147860741581446,0.0021546290727573005,27.591094752227058,0.14117736238930745,74688144.83631952,0.0
0.04317378737425075,0.11485411017992024,0.0018993474366102005,22.012605709877985,0.1349030639547868,64713567.23761482,0.0
0.037395852369433054,0.06525154359011319,0.009846544775908395,30.641198916344187,0.10383346460881834,69037609.20336768,0.0
0.07218672836995393,0.14189708267761003,0.0052531826445072136,31.683286788794916,0.08137166725447481,81476128.64632343,0.0
0.04179835693604688,0.08252016534604464,0.0018734679132678888,20.73252259969329,0.12264604398001694,66378927.401551686,0.0
0.06281519082692345,0.07472723311785665,0.00915138820404896,23.510665975215694,0.23182618190708615,64775825.48081765,0.0
0.02174004853400801,0.14824929088230587,0.0040187627123673955,21.990277790324114,0.12601440020715185,73668273.40843225,0.0
0.048017394838092586,0.08786555558041986,0.006831755632398181,22.3630546918019,0.16217968806720579,63058192.10093263,0.0
0.03302554133192319,0.09386975787109163,0.0059368461990873325,23.47277648779159,0.19552601323870472,62883334.77549375,0.0
0.027854926309042745,0.16038652569895115,0.0034157038703156797,18.30265112521122,0.17849927057735218,57847625.73884848,0.0
0.024793105657054552,0.1786737559522871,0.003733531610318317,22.93288114681779,0.0931460021872581,63823292.7917496,0.0
0.049931266644895264,0.13806624004902354,0.005466772648973117,28.665271407329993,0.10764799407008721,78971281.73552717,0.0
0.07090445776850107,0.1274400910721275,0.003823633310616279,29.450288662377297,0.17121476755995196,66427766.20601573,0.0
0.04481629840729628,0.09603795609839985,0.009088264977168622,28.93203105997908,0.17439520188761676,52359938.9516172,0.0
0.05353474618777913,0.136571516466233,0.004035199924402112,26.95604663618697,0.11853711633768599,73661837.67538485,0.0
0.05421250050065138,0.10124694879316957,0.0009669455978756714,27.260339191298357,0.14141849341928145,53600997.919598155,0.0
0.031359188178078916,0.1297081928285367,0.0036325535167581026,21.913938766760193,0.1789796424152691,72590643.01583223,0.0
0.07593787378864716,0.11828397307066871,0.002652285225026746,23.161077367144724,0.13002195228459146,51215965.40449884,0.0
0.042410590500887704,0.13134199598775462,0.007322192063122223,14.61440073113063,0.15459767087036527,67755446.25606368,0.0
0.03096841946933107,0.1864218455861092,0.005591366564629684,33.026779811809035,0.17507508254116086,80911101.71545799,0.0
0.043789251298371266,0.12271181814816018,0.00666407304694919,31.6848453677798,0.18192364194646246,77146899.83878838,0.0
0.0498203582317541,0.03290854263054535,0.007900832499714378,15.501648595705595,0.15349565715680485,81249555.21951179,0.0
0.046227440378213476,0.0662735913363674,0.006589018065748572,24.70172844003904,0.09510361049754772,63572375.24959347,0.0
0.04804384531276949,0.14203353544776337,0.009148349499968782,20.5800057162678,0.18790047634302268,59453519.340061575,0.0
0.055097720269049376,0.08570975713491175,0.005626554229027424,21.853939252352788,0.1819426669244236,80776578.34995885,0.0
0.049539531978585495,0.12666483614737703,0.006802506883303741,18.273322562923795,0.11118914696367044,76852257.76452029,0.0
